horizon,case_lift,pooled_lift,base_rate,hit_rate,n_signals,frequency,future_benefit_bps,symmetric_benefit_bps,candidate,period
1,1.8347461330070785,1.8291301721534279,0.4617402181661668,0.8471760797342193,301,1.1870422535211267,71.29138445737554,24.645037408020855,incumbent,2025
3,2.069109947643979,2.057339731758337,0.2825937832057783,0.584717607973422,301,1.1870422535211267,81.64049710986345,47.59459511616479,incumbent,2025
5,2.1130461350443017,2.096418265150229,0.22011648082639515,0.46511627906976744,301,1.1870422535211267,73.1672772624637,53.1069972012376,incumbent,2025
10,2.0723769131477043,2.051495016611296,0.14588349227272115,0.3023255813953488,301,1.1870422535211267,43.57682773389214,55.94244880452312,incumbent,2025
20,2.09588459906661,2.068734470532399,0.09510807430024076,0.19933554817275748,301,1.1870422535211267,8.01790336485358,69.99286598592711,incumbent,2025
1,1.7125014129083307,1.7107610659439927,0.5497592045984153,0.9414634146341463,205,1.2755555555555556,86.89331334122015,17.7783057798972,incumbent,2026
3,1.9579676674364892,1.9569131338001078,0.4036041634301694,0.7902439024390244,205,1.2755555555555556,110.97700850435014,32.2355118842437,incumbent,2026
5,1.9957018747142206,1.9935142048049697,0.3397545440422557,0.6780487804878049,205,1.2755555555555556,127.55265299738797,40.274638046774186,incumbent,2026
10,1.954432664110083,1.951351351351351,0.2916447368421053,0.57,200,1.2844036697247705,161.3612069060955,53.992945723654664,incumbent,2026
20,1.8230471771075019,1.8202316602316604,0.2460982108869433,0.4486486486486487,185,1.269607843137255,195.10865339815422,93.13427170963708,incumbent,2026
1,1.7800067233117465,1.7813331653622664,0.49740008421085247,0.8853754940711462,506,1.1946037099494098,77.61232402494105,21.863061155520167,incumbent,2025-2026
3,2.0143077561432894,2.0199521904806987,0.3316197277630909,0.6679841897233202,506,1.1946037099494098,93.52584263529778,41.372041632876595,incumbent,2025-2026
5,2.0529084958019066,2.0587698085086177,0.26858644714902646,0.5513833992094862,506,1.1946037099494098,95.20087810368796,47.9081165161289,incumbent,2025-2026
10,2.0050884539613714,2.0205875377956954,0.2040716138573056,0.4091816367265469,501,1.1969283276450513,90.5965399782847,55.16420406166146,incumbent,2025-2026
20,1.9283750433017024,1.9465790431398897,0.15258374357707197,0.294238683127572,486,1.1895104895104898,79.23557570263263,78.80183730050807,incumbent,2025-2026
1,1.795534529510183,1.7897727272727273,0.46167163861069677,0.8289473684210527,304,1.1988732394366197,70.2508529849002,23.689764252345753,global_ridge_w10,2025
3,2.0264994341757823,2.013888888888889,0.2824419347965055,0.5723684210526315,304,1.1988732394366197,79.62620816638601,45.295622013148225,global_ridge_w10,2025
5,2.0633171912832933,2.0460766423357666,0.22000852333262302,0.45394736842105265,304,1.1988732394366197,71.45431064259792,50.69534661121466,global_ridge_w10,2025
10,2.007763266051694,1.986607142857143,0.14581557639036863,0.29276315789473684,304,1.1988732394366197,39.843340587561684,52.263500263010606,global_ridge_w10,2025
20,2.0092566619915853,1.9800420168067228,0.09495525250372895,0.19078947368421054,304,1.1988732394366197,4.968930344623254,66.66835137908555,global_ridge_w10,2025
1,1.722872103386809,1.721031428062678,0.5497305242528173,0.9471153846153846,208,1.294222222222222,87.6966142618206,18.277675713239685,global_ridge_w10,2026
3,1.965776293823038,1.9644048774569278,0.4035399314061735,0.7932692307692307,208,1.294222222222222,111.70309215840531,32.12678938831756,global_ridge_w10,2026
5,1.9957627118644066,1.993031547104581,0.3396619304262617,0.6778846153846154,208,1.294222222222222,128.12787888394092,39.859102000147075,global_ridge_w10,2026
10,1.959546565903534,1.956241956241956,0.2916126523204563,0.5714285714285714,203,1.3036697247706424,160.6422998150334,52.83728767620202,global_ridge_w10,2026
20,1.815525114155251,1.8127659574468085,0.2461042852861852,0.44680851063829785,188,1.2901960784313726,193.41322817296225,89.65175266093412,global_ridge_w10,2026
1,1.7629127565404905,1.7643877614541832,0.49744556090280817,0.876953125,512,1.2087689713322092,77.33819350364911,21.491103283333914,global_ridge_w10,2025-2026
3,1.9964822582070767,2.0021870321856285,0.33163799591918314,0.662109375,512,1.2087689713322092,92.65744228814384,39.94578375931078,global_ridge_w10,2025-2026
5,2.0286147729650557,2.034643599815157,0.2686177199644137,0.544921875,512,1.2087689713322092,94.47794774064351,46.29312223796846,global_ridge_w10,2025-2026
10,1.9801922118045032,1.9966752592419004,0.20419192040182385,0.40433925049309666,507,1.2112627986348123,88.21057672794977,52.493241574406774,global_ridge_w10,2025-2026
20,1.8899565506118967,1.9093938388363476,0.15271138698157807,0.2886178861788618,492,1.2041958041958043,76.97610105951703,75.45062666564556,global_ridge_w10,2025-2026
1,1.7745658199920802,1.7690615835777126,0.46172130077053675,0.8193548387096774,310,1.2225352112676056,68.63506105261995,22.64250454494632,global_ridge_w25,2025
3,2.0217813540510545,2.008960573476702,0.28240825388533364,0.5709677419354838,310,1.2225352112676056,78.55851750963619,43.25250875471194,global_ridge_w25,2025
5,2.0527128101626495,2.0355545090652223,0.22000783596708898,0.45161290322580644,310,1.2225352112676056,71.56354449974987,48.6048469210444,global_ridge_w25,2025
10,2.0124451607126868,1.9919354838709677,0.14586652736058509,0.29354838709677417,310,1.2225352112676056,40.06428190519841,49.910898486969195,global_ridge_w25,2025
20,2.0084068357221607,1.975196530224993,0.09476296199555961,0.19032258064516128,310,1.2225352112676056,6.775750727857379,65.20092376429504,global_ridge_w25,2025
1,1.7138978166906793,1.712796827928407,0.5499649529150032,0.9425837320574163,209,1.3004444444444443,86.71785818637993,18.235540332314564,global_ridge_w25,2026
3,1.94412564180006,1.9431572909905965,0.4036205162587999,0.784688995215311,209,1.3004444444444443,110.25939406488693,31.50725222856361,global_ridge_w25,2026
5,1.9573952820880798,1.9553608228948267,0.3397738701124554,0.6650717703349283,209,1.3004444444444443,125.80654675701557,38.79540695810899,global_ridge_w25,2026
10,1.9153310489665083,1.9130895601483835,0.29176341589267285,0.5588235294117647,204,1.310091743119266,157.30828175819164,50.70235074906094,global_ridge_w25,2026
20,1.7621065375302665,1.7602418745275887,0.24621804903495043,0.43386243386243384,189,1.2970588235294118,184.6146599721795,87.35502320309837,global_ridge_w25,2026
1,1.7475453489928996,1.7483438116512755,0.4972567984549173,0.8689788053949904,519,1.2252951096121418,75.91695816428822,20.867831095158195,global_ridge_w25,2025-2026
3,1.9836739953400986,1.986835577400113,0.33122012832859854,0.6570327552986512,519,1.2252951096121418,91.32438109354257,38.522723371349706,global_ridge_w25,2025-2026
5,2.004091967862187,2.00720139326659,0.268237317925435,0.5375722543352601,519,1.2252951096121418,93.40706563995897,44.654610018821856,global_ridge_w25,2025-2026
10,1.9572580606195311,1.969483183726933,0.2037711290347989,0.39883268482490275,514,1.227986348122867,86.59691997914904,50.22501572717681,global_ridge_w25,2025-2026
20,1.8574204665641072,1.8693509467915423,0.15212771440126077,0.28256513026052105,499,1.2213286713286713,74.13357406889324,73.59195541546504,global_ridge_w25,2025-2026
1,1.735379061371841,1.7286392405063293,0.4613590939373752,0.8006329113924051,316,1.2461971830985914,69.64559437984175,23.972319620807408,global_ridge_w50,2025
3,1.9968207829957307,1.9819503047351148,0.2820939886229693,0.5632911392405063,316,1.2461971830985914,76.2066926682638,43.94504153324846,global_ridge_w50,2025
5,2.032150776053215,2.0111683451907973,0.2195715676728335,0.4462025316455696,316,1.2461971830985914,67.46939870566541,48.535305121758604,global_ridge_w50,2025
10,2.0017618040873852,1.975587703435805,0.1454415005381028,0.2911392405063291,316,1.2461971830985914,36.79812515361,50.33837706770968,global_ridge_w50,2025
20,2.040492957746479,2.0033773002872035,0.09460359760159892,0.1930379746835443,316,1.2461971830985914,-2.34293251811595,65.1344702799518,global_ridge_w50,2025
1,1.6821428571428572,1.683147721454173,0.5506472159441134,0.9262672811059908,217,1.350222222222222,82.9828694016316,18.22579289879457,global_ridge_w50,2026
3,1.9058661045286034,1.9057552806408,0.4037981742933459,0.7695852534562212,217,1.350222222222222,106.97559234795945,31.47745460323848,global_ridge_w50,2026
5,1.924551104972376,1.9239199848116124,0.3400158501863864,0.6543778801843319,217,1.350222222222222,123.19403961382898,38.690689770249755,global_ridge_w50,2026
10,1.9056523586910323,1.9054903960564336,0.29208043694141017,0.5566037735849056,212,1.361467889908257,157.74500341469766,51.919317565734225,global_ridge_w50,2026
20,1.8013550526164048,1.803174603174603,0.24672784179826432,0.4444444444444444,198,1.3588235294117648,194.30110311431892,91.77134761821479,global_ridge_w50,2026
1,1.711399795281362,1.713745393659882,0.49771091846919907,0.851782363977486,533,1.258347386172007,75.07559190278434,21.63273932310237,global_ridge_w50,2025-2026
3,1.9517338567617897,1.9573423509453889,0.3316433475169125,0.6472795497185742,533,1.258347386172007,88.73361805380593,38.86911964992357,global_ridge_w50,2025-2026
5,1.9766979459696243,1.9825006155649498,0.26860798288003984,0.5309568480300187,533,1.258347386172007,90.15654143938303,44.52727223005614,global_ridge_w50,2025-2026
10,1.9465971140675133,1.964024527452745,0.20431925530609743,0.3977272727272727,528,1.2614334470989763,85.36012930389522,50.97314863131044,global_ridge_w50,2025-2026
20,1.892139189208271,1.9177651605389239,0.15320398738941945,0.2898832684824903,514,1.2580419580419582,73.40710455430059,75.39536855422429,global_ridge_w50,2025-2026
1,1.5978728653271566,1.5923295454545456,0.46155111336032395,0.7375,320,1.2619718309859154,60.5111930313589,22.53030799976114,global_ridge_w100,2025
3,1.8512252042006996,1.8362268518518519,0.2819078947368422,0.521875,320,1.2619718309859154,64.82004686158821,37.96960408218631,global_ridge_w100,2025
5,1.8661399157967586,1.8451756386861313,0.21936993927125506,0.409375,320,1.2619718309859154,54.6436924524088,40.078445550470384,global_ridge_w100,2025
10,1.8286734604999566,1.8024553571428572,0.1452555668016194,0.265625,320,1.2619718309859154,26.47263094085297,43.09370196337313,global_ridge_w100,2025
20,1.8900523560209426,1.8486081932773109,0.09424342105263157,0.178125,320,1.2619718309859154,-12.869180121743721,57.900564518089425,global_ridge_w100,2025
1,1.6253116531165313,1.6142872523686478,0.5465856910087394,0.8883720930232558,215,1.3377777777777777,75.09042113906615,18.77948500535524,global_ridge_w100,2026
3,1.826387866293624,1.8198224635023108,0.4023700192564065,0.7348837209302326,215,1.3377777777777777,101.05856310539153,31.189979896409348,global_ridge_w100,2026
5,1.8832851764293845,1.8734430798710915,0.338349874092727,0.6372093023255814,215,1.3377777777777777,116.19729126491562,36.79143004746624,global_ridge_w100,2026
10,1.9004060696730074,1.8893421723610404,0.2904046673286991,0.5518867924528302,212,1.361467889908257,151.89131840308855,49.53115290445215,global_ridge_w100,2026
20,1.8207780853853999,1.8123277737490935,0.24533495388575108,0.4467005076142132,197,1.3519607843137256,192.2984214091059,89.40682042587605,global_ridge_w100,2026
1,1.6100310296872034,1.6058010946866739,0.4957238875554815,0.7981308411214953,535,1.2630691399662732,66.37013516810107,21.022967917897084,global_ridge_w100,2025-2026
3,1.8390666140573186,1.836980245117242,0.33031790739423716,0.6074766355140186,535,1.2630691399662732,79.38318890349046,35.24508221313576,global_ridge_w100,2025-2026
5,1.8748652856377443,1.8704026810855632,0.2671843056013793,0.5009345794392523,535,1.2630691399662732,79.38018543313584,38.757495395057504,global_ridge_w100,2025-2026
10,1.8695468894904965,1.875,0.20309693768835044,0.37969924812030076,532,1.2709897610921503,76.45150639572881,45.65900196244973,global_ridge_w100,2025-2026
20,1.8473954373521342,1.85545204542165,0.15181601673565776,0.2804642166344294,517,1.2653846153846156,65.3088034403015,69.90584965123055,global_ridge_w100,2025-2026
1,1.8347326180379657,1.8296192443919717,0.4618670802881329,0.8474025974025974,308,1.2146478873239437,71.14769246318241,24.830276231594787,global_hist_w10,2025
3,2.080750255980639,2.0677008177008176,0.28242809821757187,0.5876623376623377,308,1.2146478873239437,80.14720950989722,46.58985850071857,global_hist_w10,2025
5,2.112373661862329,2.092674661105318,0.21979336453020662,0.4642857142857143,308,1.2146478873239437,72.30537787150364,51.69631652295309,global_hist_w10,2025
10,2.074505554050393,2.0489332096474957,0.1455518166044482,0.30194805194805197,308,1.2146478873239437,44.092569915819126,55.614413489771934,global_hist_w10,2025
20,2.056334119605939,2.021717778020299,0.09473421315526578,0.19480519480519481,308,1.2146478873239437,8.460199862250548,70.22104267508809,global_hist_w10,2025
1,1.7207171762589928,1.7200984358144553,0.5501205862346176,0.9466019417475728,206,1.2817777777777777,87.78484192006339,18.093384288991484,global_hist_w10,2026
3,1.9594946401225115,1.9594346268108174,0.4038092882320203,0.7912621359223301,206,1.2817777777777777,111.56798216402147,32.23167934821859,global_hist_w10,2026
5,1.9839090909090908,1.9838369513835863,0.3401150207160967,0.6747572815533981,206,1.2817777777777777,127.33683928495121,39.70921294868082,global_hist_w10,2026
10,1.9423831409034862,1.9416431356729862,0.29199397748101596,0.5671641791044776,201,1.2908256880733946,159.22264177662157,52.451091687553465,global_hist_w10,2026
20,1.8112801598278776,1.8104454685099847,0.2463652885052249,0.44623655913978494,186,1.2764705882352942,192.95807767902295,90.61439298789769,global_hist_w10,2026
1,1.7841778533291808,1.7849225665431658,0.49723716243789123,0.8871595330739299,514,1.2134907251264757,77.8154994439557,22.1302767370884,global_hist_w10,2025-2026
3,2.0214774025999214,2.0238122975838206,0.3310750342934014,0.669260700389105,514,1.2134907251264757,92.7399705347019,40.83541315944426,global_hist_w10,2025-2026
5,2.047037576487726,2.0485194588490834,0.2680156625346684,0.5486381322957199,514,1.2134907251264757,94.36078847689313,46.89214660797238,global_hist_w10,2025-2026
10,1.9995991337377845,2.0082329942228014,0.20338064634156042,0.4066797642436149,509,1.2160409556313994,89.55650791979025,54.36524319066405,global_hist_w10,2025-2026
20,1.906613756513191,1.9150554958825636,0.15182607553399532,0.2894736842105263,494,1.2090909090909092,77.9270121576345,77.8995106066318,global_hist_w10,2025-2026
1,1.8238838906806993,1.8178152492668622,0.46161682120935094,0.8419354838709677,310,1.2225352112676056,71.60878234356855,25.28591401668329,global_hist_w25,2025
3,2.0564292321924142,2.043010752688172,0.2823560141047408,0.5806451612903226,310,1.2225352112676056,79.6475908861443,45.606385897428964,global_hist_w25,2025
5,2.0994412743699478,2.0791735342594775,0.21972051717382787,0.4612903225806452,310,1.2225352112676056,72.11074584552935,50.36046405052218,global_hist_w25,2025
10,2.084014002333723,2.057603686635945,0.1455008488964346,0.3032258064516129,310,1.2225352112676056,44.41592066768641,54.2467831162802,global_hist_w25,2025
20,2.109947643979058,2.0756302521008405,0.09478908188585607,0.2,310,1.2225352112676056,9.506161965017606,69.57133730172276,global_hist_w25,2025
1,1.7117274884193872,1.7107610659439927,0.5500077675935996,0.9414634146341463,205,1.2755555555555556,86.95940421029488,17.609975408080317,global_hist_w25,2026
3,1.9576662561576357,1.9569131338001078,0.4036663041789653,0.7902439024390244,205,1.2755555555555556,111.23840838372654,32.38226568214619,global_hist_w25,2026
5,1.9809819877480113,1.979172375993423,0.33981668479105176,0.6731707317073171,205,1.2755555555555556,128.0577597444855,40.61323713941224,global_hist_w25,2026
10,1.9359783588818753,1.934234234234234,0.2918421052631579,0.565,200,1.2844036697247705,160.4206399293646,54.512613530324195,global_hist_w25,2026
20,1.8005257460955622,1.7983011583011583,0.24617434335744195,0.44324324324324327,185,1.269607843137255,194.44448149696439,94.02457468210058,global_hist_w25,2026
1,1.774457765168848,1.7736432909140138,0.4968015668574498,0.8815533980582524,515,1.215851602023609,77.71922405750817,22.230443308404432,global_hist_w25,2025-2026
3,2.008433580217598,2.0081390616824604,0.33064457617312143,0.6640776699029126,515,1.215851602023609,92.22257649197802,40.3424157146465,global_hist_w25,2025-2026
5,2.0395456919929917,2.0372916031082315,0.2675257877787422,0.545631067961165,515,1.215851602023609,94.38091642666723,46.48049994027454,global_hist_w25,2025-2026
10,2.000508646998983,2.0042952824694233,0.2028895768833849,0.40588235294117647,510,1.218430034129693,89.90796743697197,54.35103033747392,global_hist_w25,2025-2026
20,1.9218739832989915,1.924551638837353,0.1513674119307922,0.2909090909090909,495,1.2115384615384617,78.62452381029067,78.71042601964174,global_hist_w25,2025-2026
1,1.8255778546712804,1.818540292515056,0.4613724313209619,0.8422712933753943,317,1.2501408450704226,72.12155913033291,23.982209953969335,global_hist_w50,2025
3,2.047888727799927,2.0311952330879777,0.2818937662039107,0.5772870662460567,317,1.2501408450704226,74.77681198495142,41.16055864942829,global_hist_w50,2025
5,2.042748980780431,2.0190425752377443,0.21928760265137484,0.4479495268138801,317,1.2501408450704226,65.41506522265401,45.02206918738196,global_hist_w50,2025
10,2.043118620204153,2.0121676430824698,0.1451359532050218,0.29652996845425866,317,1.2501408450704226,37.23609883484163,48.92626983743104,global_hist_w50,2025
20,2.0048701298701297,1.9643188505686184,0.09440733598130244,0.1892744479495268,317,1.2501408450704226,-0.893447744300918,63.41559901330348,global_hist_w50,2025
1,1.6863027350238067,1.6867136275031012,0.55045256453235,0.9282296650717703,209,1.3004444444444443,84.32409105644577,15.852714426475158,global_hist_w50,2026
3,1.9311047389073344,1.9313087709235806,0.4038643220674733,0.7799043062200957,209,1.3004444444444443,108.14299883250528,28.920774715571554,global_hist_w50,2026
5,1.9552907445569396,1.9553608228948267,0.34013957882546547,0.6650717703349283,209,1.3004444444444443,124.29640592158833,35.999397373831755,global_hist_w50,2026
10,1.9031301482701812,1.903757415952538,0.292201540436457,0.5560975609756098,205,1.31651376146789,156.24996061358723,49.018020178759386,global_hist_w50,2026
20,1.8355629039531038,1.8363909774436091,0.246590066716086,0.45263157894736844,190,1.303921568627451,188.75341929438972,87.80227980026095,global_hist_w50,2026
1,1.7642580301726876,1.763326920455062,0.4967673891939279,0.876425855513308,526,1.2418212478920743,76.97009367892149,20.752049183539135,global_hist_w50,2025-2026
3,1.9911610038245626,1.9891395915393546,0.33035735208886235,0.6577946768060836,526,1.2418212478920743,88.03447938255363,36.297222447572665,global_hist_w50,2025-2026
5,1.9985300205026832,1.9946866456287817,0.26730673386883674,0.5342205323193916,526,1.2418212478920743,88.81088310493018,41.43701517781543,global_hist_w50,2025-2026
10,1.963942525934527,1.9676795265733467,0.20289159570012563,0.39846743295019155,522,1.247098976109215,83.97525911193523,48.96230205960022,global_hist_w50,2025-2026
20,1.90155572595903,1.9050973446577844,0.15143833960972233,0.2879684418145957,507,1.240909090909091,70.17737027808808,72.55459181314949,global_hist_w50,2025-2026
1,1.738319323037395,1.7327735958309207,0.461680290879084,0.802547770700637,314,1.2383098591549295,65.83808359869485,20.586679998952523,global_hist_w100,2025
3,1.941681901279707,1.9273413540929465,0.2821114520745765,0.5477707006369427,314,1.2383098591549295,62.550380087401265,33.5075679217369,global_hist_w100,2025
5,1.8720916568742656,1.8517248593611977,0.21944867067227108,0.410828025477707,314,1.2383098591549295,52.03169147462223,36.1864912767045,global_hist_w100,2025
10,1.8418109187749665,1.8152866242038217,0.14524613837386216,0.267515923566879,314,1.2383098591549295,27.34631502843509,41.47691659546579,global_hist_w100,2025
20,1.786923286923287,1.751726168174276,0.09445834085458624,0.16878980891719744,314,1.2383098591549295,-7.48250790198823,55.01990416547667,global_hist_w100,2025
1,1.636313768513439,1.6362778655432684,0.5503063965949226,0.9004739336492891,211,1.3128888888888888,80.05093320983715,14.321996625191847,global_hist_w100,2026
3,1.8307669307818804,1.8308490439098777,0.40383976816494105,0.7393364928909952,211,1.3128888888888888,102.3799141469431,25.847418562736433,global_hist_w100,2026
5,1.880823498092111,1.8810905799030833,0.34017568750566,0.6398104265402843,211,1.3128888888888888,117.90665377070144,32.5457944095879,global_hist_w100,2026
10,1.8681748966717422,1.8688253470862164,0.29220696669209256,0.5458937198067633,207,1.3293577981651377,150.65068180970343,47.870654523073455,global_hist_w100,2026
20,1.8055347793567686,1.8055347793567689,0.24647887323943665,0.44502617801047123,191,1.3107843137254902,185.02279839016174,89.63328024114955,global_hist_w100,2026
1,1.6929530113509708,1.693872130525517,0.49729954479535426,0.8419047619047619,525,1.2394603709949412,71.55029553764918,18.06887391921252,global_hist_w100,2025-2026
3,1.8873006796026899,1.8892500712859992,0.33103464196994203,0.6247619047619047,525,1.2394603709949412,78.55805949037902,30.428917417452904,global_hist_w100,2025-2026
5,1.876546649551478,1.8775811988381306,0.26796943362816644,0.5028571428571429,525,1.2394603709949412,78.50715251171313,34.723277869158586,global_hist_w100,2025-2026
10,1.8568416634071416,1.867196556507858,0.2036355653640228,0.3781190019193858,521,1.2447098976109214,76.3367256305897,44.01723089683774,global_hist_w100,2025-2026
20,1.7983412143547415,1.8078399676702366,0.15195521547935145,0.2732673267326733,505,1.2360139860139863,65.32642972533978,68.11129986934502,global_hist_w100,2025-2026
1,1.8099828076998958,1.8050277696579946,0.4618899462358592,0.8360128617363344,311,1.2264788732394367,69.96766023929929,24.21732692527299,global_quantile_w10,2025
3,2.049981556621173,2.0364415862808145,0.28233333767265056,0.5787781350482315,311,1.2264788732394367,78.12947278150428,45.583795713061996,global_quantile_w10,2025
5,2.078459259259259,2.0579951651137134,0.21967793587356968,0.4565916398713826,311,1.2264788732394367,70.19126083992494,50.683205113046185,global_quantile_w10,2025
10,2.0338315582207107,2.0073495636196603,0.14544957496387517,0.2958199356913183,311,1.2264788732394367,42.07364437449259,54.85755027788583,global_quantile_w10,2025
20,2.005918788713007,1.9688454159798967,0.09457541950349532,0.18971061093247588,311,1.2264788732394367,7.227630588273498,69.22898884535161,global_quantile_w10,2025
1,1.7207171762589928,1.7200984358144553,0.5501205862346176,0.9466019417475728,206,1.2817777777777777,87.33477580508911,18.140717341402897,global_quantile_w10,2026
3,1.9715160796324656,1.971455698140945,0.4038092882320203,0.7961165048543689,206,1.2817777777777777,112.0278407876328,33.133332844786615,global_quantile_w10,2026
5,1.9981818181818183,1.9981091596669214,0.3401150207160967,0.6796116504854369,206,1.2817777777777777,128.82000998213476,41.37222641800324,global_quantile_w10,2026
10,1.9594215895079026,1.9586750930034509,0.29199397748101596,0.572139303482587,201,1.2908256880733946,162.29507103130206,55.70410044368044,global_quantile_w10,2026
20,1.8331028123559243,1.832258064516129,0.2463652885052249,0.45161290322580644,186,1.2764705882352942,198.3888691626802,95.87503975139892,global_quantile_w10,2026
1,1.7706166927291846,1.7706735918993273,0.49704567513285,0.8800773694390716,517,1.2205733558178753,76.8876327858229,21.796085969224173,global_quantile_w10,2025-2026
3,2.0118090690223673,2.0120687059150555,0.3307357473732892,0.6653771760154739,517,1.2205733558178753,91.63636602959417,40.62287627231784,global_quantile_w10,2025-2026
5,2.0378147259556028,2.0366324987397073,0.2676664068166269,0.5454545454545454,517,1.2205733558178753,93.55203902811687,46.97322133900586,global_quantile_w10,2025-2026
10,1.9918093856065293,1.996466004022277,0.20297970173329957,0.404296875,512,1.22320819112628,89.26994663624788,55.18988735469192,global_quantile_w10,2025-2026
20,1.9006631275107917,1.903495804760536,0.15138209079991724,0.28772635814889336,497,1.2164335664335666,78.76885870666315,79.20115276592465,global_quantile_w10,2025-2026
1,1.8048752640292287,1.8004145691442108,0.4620132139418956,0.8338762214983714,307,1.2107042253521125,71.5238679743436,24.00508122585601,global_quantile_w25,2025
3,2.063906264587807,2.051514054771384,0.28250405517677935,0.5830618892508144,307,1.2107042253521125,78.48126910889347,43.52360853762186,global_quantile_w25,2025
5,2.0883252383522213,2.070127677785967,0.21992905089082015,0.4592833876221498,307,1.2107042253521125,70.94154290601095,48.28626911074664,global_quantile_w25,2025
10,2.079199855177408,2.0556072591903214,0.14569623758720276,0.30293159609120524,307,1.2107042253521125,44.685158789845495,52.86577265807281,global_quantile_w25,2025
20,2.0288180426005846,1.9944981249828921,0.09472629205185351,0.19218241042345277,307,1.2107042253521125,10.624648057583869,67.82048490955341,global_quantile_w25,2025
1,1.7015127568299844,1.7018970189701899,0.5504427528351716,0.9365853658536586,205,1.2755555555555556,85.8795623952553,17.255310751438795,global_quantile_w25,2026
3,1.9451327433628316,1.9448334230976378,0.4037595153021595,0.7853658536585366,205,1.2755555555555556,110.51987622309085,32.19602945115767,global_quantile_w25,2026
5,1.9664472481258002,1.9648305471818766,0.33984775516544974,0.6682926829268293,205,1.2755555555555556,127.05965991146871,40.35871927574289,global_quantile_w25,2026
10,1.9181971830985916,1.917117117117117,0.29194078947368424,0.56,200,1.2844036697247705,158.872096213061,54.32848846920904,global_quantile_w25,2026
20,1.8133171176649439,1.8127659574468085,0.2464039556487863,0.44680851063829785,188,1.2901960784313726,193.76200010656598,92.58052535341886,global_quantile_w25,2026
1,1.7590783490394573,1.7604581673306774,0.4974195722878363,0.875,512,1.2087689713322092,77.27175343584146,21.302536406997554,global_quantile_w25,2025-2026
3,2.005906266207355,2.0080931886227544,0.33105360464104283,0.6640625,512,1.2087689713322092,91.3092270354764,38.98815206745554,global_quantile_w25,2025-2026
5,2.0264309512732672,2.0273509704251387,0.26794337584452926,0.54296875,512,1.2087689713322092,93.41071084764933,45.11215247759083,global_quantile_w25,2025-2026
10,1.9880348843486668,1.9966752592419004,0.20338639612230394,0.40433925049309666,507,1.2112627986348123,89.7293155642895,53.442780867594,global_quantile_w25,2025-2026
20,1.8964280960936981,1.9111866969009825,0.15233316226644616,0.28888888888888886,495,1.2115384615384617,80.17984439133868,77.2242982498498,global_quantile_w25,2025-2026
1,1.7642377990820453,1.7580213903743316,0.4615259272257806,0.8142414860681114,323,1.2738028169014084,67.96527748537355,21.33048659626581,global_quantile_w50,2025
3,1.997955555555555,1.9825708061002176,0.2820220353216932,0.5634674922600619,323,1.2738028169014084,68.39334689935649,36.27995626286817,global_quantile_w50,2025
5,1.974984293791764,1.9536281665951052,0.21946328073100113,0.43343653250773995,323,1.2738028169014084,59.442939259654445,40.40157926696544,global_quantile_w50,2025
10,1.9594722773130984,1.9327731092436977,0.14536042416114112,0.2848297213622291,323,1.2738028169014084,32.521539106875245,45.41808431894971,global_quantile_w50,2025
20,1.838628206832381,1.7993079584775087,0.0942956342988932,0.17337461300309598,323,1.2738028169014084,-4.725803650025781,59.290090863983345,global_quantile_w50,2025
1,1.701991150442478,1.7041024277866383,0.551001127601865,0.937799043062201,209,1.3004444444444443,84.08079968435554,15.680478777559912,global_quantile_w50,2026
3,1.9173765548435733,1.919460250856565,0.40426050650656753,0.7751196172248804,209,1.3004444444444443,108.52524953381852,29.34544112221033,global_quantile_w50,2026
5,1.9372317596566526,1.9412934788452234,0.3408405205254015,0.6602870813397129,209,1.3004444444444443,126.15905268802366,37.19063452146593,global_quantile_w50,2026
10,1.9102634770146625,1.9130895601483835,0.29253740970072234,0.5588235294117647,204,1.310091743119266,158.2275804939698,49.82762500881859,global_quantile_w50,2026
20,1.843042559613643,1.8461073318216175,0.24688873984648635,0.455026455026455,189,1.2970588235294118,197.43513890152425,88.95879610952328,global_quantile_w50,2026
1,1.7371090883592573,1.735876044693407,0.4966768988020995,0.8627819548872181,532,1.2559865092748737,74.29637549211647,19.110840667488493,global_quantile_w50,2025-2026
3,1.9591811078205095,1.9553374454099317,0.3300442918586081,0.6466165413533834,532,1.2559865092748737,84.15945150575227,33.555682457609734,global_quantile_w50,2025-2026
5,1.9560616697037267,1.9511347685294569,0.26714719636451556,0.5225563909774437,532,1.2559865092748737,85.65284096365664,39.14013668837635,global_quantile_w50,2025-2026
10,1.931931333323841,1.9302703515133295,0.20233216049904354,0.3908918406072106,527,1.2590443686006827,81.18194222446023,47.125003295673146,global_quantile_w50,2025-2026
20,1.8412991591518761,1.8348081420068028,0.1506239486514227,0.27734375,512,1.2531468531468533,69.9000130340425,70.24201526126274,global_quantile_w50,2025-2026
1,1.7042349170130116,1.6978609625668448,0.4614256527243329,0.7863777089783281,323,1.2738028169014084,60.99580425275497,18.20714235459125,global_quantile_w100,2025
3,1.921623544056193,1.9063180827886712,0.28194682944560734,0.541795665634675,323,1.2738028169014084,56.162620627770856,28.83073602955704,global_quantile_w100,2025
5,1.8484433019137392,1.8280377844568485,0.21941314348027724,0.4055727554179567,323,1.2738028169014084,47.02641568342962,33.36029722728522,global_quantile_w100,2025
10,1.8534586855269968,1.827731092436975,0.14532282122309823,0.2693498452012384,323,1.2738028169014084,26.584922417444744,41.58328232220397,global_quantile_w100,2025
20,1.8386282068323807,1.7993079584775087,0.09429563429889322,0.17337461300309598,323,1.2738028169014084,-6.7836465780636415,54.155387483919554,global_quantile_w100,2025
1,1.6108651042229183,1.6133393907926619,0.551163759747604,0.8878504672897196,214,1.3315555555555556,74.55978559306392,12.636318679394101,global_quantile_w100,2026
3,1.8041988950276242,1.8051829358176832,0.40404190725638434,0.7289719626168224,214,1.3315555555555556,98.21049520858774,23.34974644234164,global_quantile_w100,2026
5,1.8813084929589785,1.882197486786377,0.3402881123876421,0.6401869158878505,214,1.3315555555555556,114.28029435893072,28.993490236127045,global_quantile_w100,2026
10,1.8672413793103446,1.867321867321867,0.29211785444472427,0.5454545454545454,209,1.3422018348623852,147.7471592866767,40.064063581145874,global_quantile_w100,2026
20,1.8164509891417524,1.8172619047619047,0.24658890845070422,0.4479166666666667,192,1.3176470588235294,188.0518126345871,81.22528071816912,global_quantile_w100,2026
1,1.6629865572192517,1.6635135435909991,0.4971872074784856,0.8268156424581006,537,1.2677908937605396,66.40118974032687,15.987112063171905,global_quantile_w100,2025-2026
3,1.8644337645431825,1.8639257797254651,0.33060296846144777,0.6163873370577281,537,1.2677908937605396,72.91912930615972,26.646505542286842,global_quantile_w100,2025-2026
5,1.8650990374420608,1.8634365630926932,0.267583056601648,0.49906890130353815,537,1.2677908937605396,73.82777515560323,31.620079916097414,global_quantile_w100,2025-2026
10,1.8612506560695807,1.8657178217821782,0.2029922985601656,0.37781954887218044,532,1.2709897610921503,74.18437261607158,40.98644638821686,global_quantile_w100,2025-2026
20,1.8251327392118355,1.8241199392378311,0.1510729326234519,0.2757281553398058,515,1.2604895104895104,65.85403918665274,64.24746418484366,global_quantile_w100,2025-2026
1,1.8163811563169165,1.8119701841566795,0.46203314370516946,0.8392282958199357,311,1.2264788732394367,70.16991757664401,24.48716556636741,global_extra_w10,2025
3,2.0385927701955,2.025128021912588,0.2823333376726506,0.5755627009646302,311,1.2264788732394367,79.19251644101904,46.122276088958,global_extra_w10,2025
5,2.078336098601564,2.0579951651137134,0.21969095382532514,0.4565916398713826,311,1.2264788732394367,71.74161201840721,51.64075348905666,global_extra_w10,2025
10,2.0336495435833184,2.0073495636196603,0.14546259291563066,0.2958199356913183,311,1.2264788732394367,42.85629181391778,54.52323349558029,global_extra_w10,2025
20,2.007853403141361,1.9688454159798967,0.09448429384120703,0.18971061093247588,311,1.2264788732394367,7.953203212963678,68.12378396672166,global_extra_w10,2025
1,1.7122779401843944,1.711277418194894,0.5499969080452661,0.941747572815534,206,1.2817777777777777,86.65248822680456,17.738262763392544,global_extra_w10,2026
3,1.9480698529411762,1.9474135554806895,0.403685610042669,0.7864077669902912,206,1.2817777777777777,109.82282658223977,31.553497161138804,global_extra_w10,2026
5,1.9710698689956334,1.9695647431002512,0.33986766433739407,0.6699029126213593,206,1.2817777777777777,125.57503512437312,38.94712956803816,global_extra_w10,2026
10,1.9266404935501964,1.9246111783425215,0.2917975909924064,0.5621890547263682,201,1.2908256880733946,158.49824568018914,51.94499062571201,global_extra_w10,2026
20,1.7905582039058894,1.7886328725038403,0.24621384219294262,0.44086021505376344,186,1.2764705882352942,192.26559285171646,90.55613481982287,global_extra_w10,2026
1,1.770485396171738,1.7706735918993273,0.4970825352990958,0.8800773694390716,517,1.2205733558178753,76.73744089179502,21.79804762166176,global_extra_w10,2025-2026
3,1.9945614137760015,1.9945215951076567,0.33068646747579145,0.6595744680851063,517,1.2205733558178753,91.39724349922302,40.317308082902386,global_extra_w10,2025-2026
5,2.0240482157330444,2.0221882966209863,0.26757567793651704,0.5415860735009671,517,1.2205733558178753,93.19168002581335,46.58294589190035,global_extra_w10,2025-2026
10,1.9732374675454363,1.9771764774133662,0.2029105120824899,0.400390625,512,1.22320819112628,88.25479323407511,53.511071743932774,global_extra_w10,2025-2026
20,1.8754890728691553,1.8768734858128364,0.15126839040745013,0.2837022132796781,497,1.2164335664335666,76.93128062304018,76.51898971858652,global_extra_w10,2025-2026
1,1.7905088365036104,1.7854020979020977,0.46183691477213745,0.8269230769230769,312,1.2304225352112677,69.2443230077865,24.152159682734325,global_extra_w25,2025
3,2.0108085732683287,1.996082621082621,0.2821291394165888,0.5673076923076923,312,1.2304225352112677,78.02625843752813,44.84813207774243,global_extra_w25,2025
5,2.058576663908264,2.0369525547445253,0.21953181770995533,0.4519230769230769,312,1.2304225352112677,71.04982712393476,49.90188942774201,global_extra_w25,2025
10,2.0068750000000004,1.979166666666667,0.14533374857261494,0.2916666666666667,312,1.2304225352112677,42.032173981191576,53.37050208365117,global_extra_w25,2025
20,1.9689389774601431,1.9292717086834734,0.09441503166199522,0.1858974358974359,312,1.2304225352112677,6.459465232304148,68.38080358973758,global_extra_w25,2025
1,1.7120568169108599,1.7117887815351582,0.5502323148404566,0.9420289855072463,207,1.2879999999999998,86.41789802035832,17.44191341484691,global_extra_w25,2026
3,1.950236244474927,1.9499687590484465,0.40376626973137647,0.7874396135265701,207,1.2879999999999998,109.67007564197502,31.289659517141608,global_extra_w25,2026
5,1.9751108697619695,1.9742531979952596,0.339979691682821,0.6714975845410628,207,1.2879999999999998,125.72570419973871,38.80930611080771,global_extra_w25,2026
10,1.933065595716198,1.9320310409419317,0.2919489317352788,0.5643564356435643,202,1.2972477064220185,159.71941883082079,52.56976566544455,global_extra_w25,2026
20,1.8018651582326861,1.8007639419404124,0.24632823680048205,0.44385026737967914,187,1.2833333333333334,194.6507907806648,91.78977694668451,global_extra_w25,2026
1,1.755873798969898,1.7560969992860926,0.4970928835855133,0.8728323699421965,519,1.2252951096121418,76.09389916887005,21.475818685715648,global_extra_w25,2025-2026
3,1.981306843898712,1.9810090801056843,0.33064337058260235,0.6551059730250481,519,1.2252951096121418,90.6472028716717,39.440417588254235,global_extra_w25,2025-2026
5,2.0162782306936253,2.014395663493352,0.26757172120202316,0.5394990366088632,519,1.2252951096121418,92.85696884781032,45.477679896710406,global_extra_w25,2025-2026
10,1.9651485455921451,1.969483183726933,0.20295294506844783,0.39883268482490275,514,1.227986348122867,88.28280328007311,53.05581578700187,global_extra_w25,2025-2026
20,1.8670335723203437,1.8693509467915423,0.15134442917882293,0.28256513026052105,499,1.2213286713286713,76.98407019732107,77.15330462731086,global_extra_w25,2025-2026
1,1.792814505506824,1.7865959918675574,0.46155139630841663,0.8274760383386581,313,1.2343661971830986,70.03278685717589,22.935186649731744,global_extra_w50,2025
3,2.0169740343150746,2.0009466335344928,0.28195211548162613,0.5686900958466453,313,1.2343661971830986,76.11728493232216,42.06028536028418,global_extra_w50,2025
5,2.052268709487331,2.0304447191063644,0.21950304613832441,0.4504792332268371,313,1.2343661971830986,70.06857721860833,47.37438294170237,global_extra_w50,2025
10,1.9999110241124656,1.9728434504792334,0.14537387952555264,0.29073482428115016,313,1.2343661971830986,43.68717803590404,51.844082395598804,global_extra_w50,2025
20,1.9624657534246577,1.9231079013074877,0.09442382067234933,0.1853035143769968,313,1.2343661971830986,8.364522044606167,66.62228478852491,global_extra_w50,2025
1,1.7029146734898208,1.703559027777778,0.5505267025967663,0.9375,208,1.294222222222222,84.57445470366017,16.69825287373802,global_extra_w50,2026
3,1.9406233411693332,1.9405939092453286,0.40381553160215583,0.7836538461538461,208,1.294222222222222,108.97342404600408,30.63765016617246,global_extra_w50,2026
5,1.9655048185175177,1.9647615960818208,0.33999877511024007,0.6682692307692307,208,1.294222222222222,125.53692484515533,38.350010768829044,global_extra_w50,2026
10,1.9225563075557528,1.9225136466515775,0.2920987814363495,0.5615763546798029,203,1.3036697247706424,158.11218645464723,51.19592392630185,global_extra_w50,2026
20,1.7814389359129383,1.7817082388510959,0.24651613384007748,0.43915343915343913,189,1.2970588235294118,190.99495196700985,89.0528139828927,global_extra_w50,2026
1,1.7530640119480656,1.7532174564697065,0.4970732076481033,0.8714011516314779,521,1.2300168634064081,75.83828956748057,20.44520157217571,global_extra_w50,2025-2026
3,1.979742270163448,1.9792085694254482,0.33060392076583,0.654510556621881,521,1.2300168634064081,89.2345151350973,37.500001060139766,global_extra_w50,2025-2026
5,2.0082597044313837,2.00666285864309,0.2676088266107975,0.5374280230326296,521,1.2300168634064081,92.21333020579024,43.77156257326158,global_extra_w50,2025-2026
10,1.9561427653913206,1.9618495279760533,0.20309704830053663,0.39728682170542634,516,1.232764505119454,88.70321816963441,51.58908981949942,global_extra_w50,2025-2026
20,1.8517009441535566,1.858179526790796,0.1516856676617928,0.28087649402390436,502,1.2286713286713289,77.12378749347924,75.06724498321717,global_extra_w50,2025-2026
1,1.7675793403858122,1.7620967741935485,0.46172130077053675,0.8161290322580645,310,1.2225352112676056,71.66367230978962,22.927697606850877,global_extra_w100,2025
3,2.011475106422358,1.9976105137395461,0.2822515345435549,0.567741935483871,310,1.2225352112676056,72.98335511578992,39.12215069261802,global_extra_w100,2025
5,2.0108747325885434,1.9919354838709677,0.21977275695442075,0.44193548387096776,310,1.2225352112676056,65.49228411122962,43.0392852019291,global_extra_w100,2025
10,1.9274374383352768,1.9043778801843319,0.14560532845762048,0.2806451612903226,310,1.2225352112676056,38.25076429984614,46.522879273090886,global_extra_w100,2025
20,1.8748274910295337,1.8412849010571972,0.09463236254407731,0.1774193548387097,310,1.2225352112676056,-1.441343684675971,59.977632357913066,global_extra_w100,2025
1,1.7125014129083307,1.7107610659439927,0.5497592045984153,0.9414634146341463,205,1.2755555555555556,85.3631722355868,17.496406673252725,global_extra_w100,2026
3,1.9337952270977672,1.9327537123951681,0.4036041634301694,0.7804878048780488,205,1.2755555555555556,109.92525494900858,32.258609693923255,global_extra_w100,2026
5,1.9813443072702335,1.979172375993423,0.3397545440422557,0.6731707317073171,205,1.2755555555555556,125.27419125923885,40.53542580561539,global_extra_w100,2026
10,1.920144371757275,1.917117117117117,0.2916447368421053,0.56,200,1.2844036697247705,158.5608532094258,55.76614487341345,global_extra_w100,2026
20,1.835462287104623,1.8343465045592706,0.24632903805813605,0.4521276595744681,188,1.2901960784313726,195.86089247040147,94.6033083053328,global_extra_w100,2026
1,1.7433162960654354,1.7423896646424013,0.4967655149156147,0.8660194174757282,515,1.215851602023609,77.11687130937878,20.76572742939919,global_extra_w100,2025-2026
3,1.9737209718714244,1.972908551828382,0.3305569499256053,0.6524271844660194,515,1.215851602023609,87.68838320474103,36.39006155721525,global_extra_w100,2025-2026
5,1.9959466144207842,1.993790714785636,0.2675324974456949,0.5339805825242718,515,1.215851602023609,89.28896559733039,42.04260330630908,global_extra_w100,2025-2026
10,1.92332599657618,1.9268345952242283,0.2028756846868302,0.39019607843137255,510,1.218430034129693,85.43119132321071,50.147689312433066,global_extra_w100,2025-2026
20,1.8507284023392097,1.859820233314209,0.15189938060962557,0.28112449799196787,498,1.218881118881119,73.04223141001191,73.04917267541288,global_extra_w100,2025-2026
1,1.8063205548623003,1.80162552679109,0.46195404456122474,0.8344370860927153,302,1.1909859154929578,69.99289993421071,23.876316527456982,local_ridge_w10,2025
3,2.0610658069410204,2.0505273485405935,0.2827573263265142,0.5827814569536424,302,1.1909859154929578,81.18782177251346,46.13397194642854,local_ridge_w10,2025
5,2.1050709198271136,2.0894764828152943,0.2202187843526289,0.46357615894039733,302,1.1909859154929578,73.97610250531146,51.86324172676262,local_ridge_w10,2025
10,2.0643828067597356,2.044701986754967,0.14596348231761266,0.30132450331125826,302,1.1909859154929578,43.17935933372865,54.407683033841955,local_ridge_w10,2025
20,2.019737769632032,1.993154877845178,0.09508807678901787,0.19205298013245034,302,1.1909859154929578,7.562928772384538,68.14872444446772,local_ridge_w10,2025
1,1.7242273730684325,1.7219466490299824,0.5495905368516834,0.9476190476190476,210,1.3066666666666664,87.74847977153432,18.407088130673163,local_ridge_w10,2026
3,1.9825616355983164,1.9810725552050472,0.4035183500151653,0.8,210,1.3066666666666664,112.46518690088213,32.62320059298662,local_ridge_w10,2026
5,2.0045535714285716,2.0020510076689852,0.33970276008492567,0.680952380952381,210,1.3066666666666664,129.11788971541694,40.65812433604472,local_ridge_w10,2026
10,1.9738087377572355,1.9705559217754336,0.29162387676508345,0.5756097560975609,205,1.31651376146789,161.33781952084811,53.82111274701871,local_ridge_w10,2026
20,1.8388796867941575,1.8363909774436091,0.24614529280948852,0.45263157894736844,190,1.303921568627451,193.37059413036297,90.3426663768923,local_ridge_w10,2026
1,1.7691537971553468,1.7722469497011952,0.4978986996022331,0.880859375,512,1.2087689713322092,77.27546197686297,21.633078317838617,local_ridge_w10,2025-2026
3,2.0219645770569965,2.0317178143712575,0.3322882149488125,0.671875,512,1.2087689713322092,94.01642856344591,40.59244463349337,local_ridge_w10,2025-2026
5,2.053050647477223,2.063814117375231,0.26922588377407874,0.552734375,512,1.2087689713322092,96.59285116570628,47.26739279697598,local_ridge_w10,2025-2026
10,2.0122493726703534,2.035634776495401,0.20485969703503185,0.41222879684418146,507,1.2112627986348123,90.95546256520693,54.170509643706325,local_ridge_w10,2025-2026
20,1.9076838702293795,1.9362867098058734,0.1534231805367606,0.2926829268292683,492,1.2041958041958043,79.31792149192906,76.71955567853409,local_ridge_w10,2025-2026
1,1.7831158168898453,1.776026392961877,0.4613164424709416,0.8225806451612904,310,1.2225352112676056,69.15663366045534,24.57493167118546,local_ridge_w25,2025
3,2.045383049592894,2.0316606929510157,0.2823037743241478,0.5774193548387097,310,1.2225352112676056,80.31328481649878,46.404294124799904,local_ridge_w25,2025
5,2.083397683397684,2.0646338591947258,0.21986417657045837,0.45806451612903226,310,1.2225352112676056,73.39819371946272,51.7085457972244,local_ridge_w25,2025
10,2.080838860010755,2.057603686635945,0.14572286796395453,0.3032258064516129,310,1.2225352112676056,42.652211145163506,54.08882029932962,local_ridge_w25,2025
20,2.0048149676709315,1.975196530224993,0.09493274128248659,0.19032258064516128,310,1.2225352112676056,8.013485072937456,70.0329120441586,local_ridge_w25,2025
1,1.706158107820158,1.7082693292370712,0.5509994423082567,0.9400921658986175,217,1.350222222222222,86.34284927258315,17.940358677178466,local_ridge_w25,2026
3,1.9612172271043644,1.962813821977351,0.4041504006574893,0.7926267281105991,217,1.350222222222222,110.69816760228598,31.407374344079408,local_ridge_w25,2026
5,1.988197794624397,1.9916636462486408,0.34072030291467315,0.6774193548387096,217,1.350222222222222,126.86776269147278,38.540209422781565,local_ridge_w25,2026
10,1.9664899257688229,1.9700832908380077,0.2926390268123138,0.5754716981132075,212,1.361467889908257,161.01329442332974,51.424760102469286,local_ridge_w25,2026
20,1.8393246980061126,1.842274052478134,0.2468741017533774,0.45408163265306123,196,1.3450980392156864,193.08139599751718,89.42088099158755,local_ridge_w25,2026
1,1.748072138234669,1.7523454568821488,0.4982447365216008,0.8709677419354839,527,1.2441821247892075,76.23331067721386,21.84304867365317,local_ridge_w25,2025-2026
3,2.0032553529207884,2.014055380699701,0.3324759145790531,0.6660341555977229,527,1.2441821247892075,92.82470714005821,40.229091862150284,local_ridge_w25,2025-2026
5,2.0338620369125215,2.047582135829706,0.2696284638886645,0.5483870967741935,527,1.2441821247892075,95.41507506087862,46.28628964304207,local_ridge_w25,2025-2026
10,2.014670480614008,2.043359508364629,0.2053899669598399,0.41379310344827586,522,1.247098976109215,90.72222964127701,53.00686481707982,local_ridge_w25,2025-2026
20,1.9019109050373073,1.935011158613643,0.15378749751231785,0.2924901185770751,506,1.2384615384615385,79.69986954174699,77.54287630047494,local_ridge_w25,2025-2026
1,1.7153742338188156,1.709280303030303,0.4615125090833593,0.7916666666666666,312,1.2304225352112677,66.40078470150604,22.79724484225638,local_ridge_w50,2025
3,1.999080290628161,1.9848053181386516,0.28218104432679336,0.5641025641025641,312,1.2304225352112677,76.91937299816632,44.36031799180954,local_ridge_w50,2025
5,2.0125169746708385,1.9936131386861313,0.2197783660334268,0.4423076923076923,312,1.2304225352112677,69.21890778241885,49.56317807566409,local_ridge_w50,2025
10,1.9804008908685968,1.9574175824175823,0.1456581542613931,0.28846153846153844,312,1.2304225352112677,39.96686888794848,52.32215196341913,local_ridge_w50,2025
20,1.9299520219328308,1.8960084033613445,0.09466157998546662,0.18269230769230768,312,1.2304225352112677,3.8705597496840656,67.75467921021115,local_ridge_w50,2025
1,1.6792758008974225,1.6779800633967301,0.5498938428874734,0.9234234234234234,222,1.3813333333333333,82.38431473938773,18.546719225948912,local_ridge_w50,2026
3,1.9204892966360854,1.9186063034643475,0.40342571871234295,0.7747747747747747,222,1.3813333333333333,107.2094139633787,32.33943111035053,local_ridge_w50,2026
5,1.9500633713561473,1.9468063569187166,0.33955930452745736,0.6621621621621622,222,1.3813333333333333,122.73057852034833,39.22636158087613,local_ridge_w50,2026
10,1.910460164121741,1.9089135218167477,0.2918687848653893,0.5576036866359447,217,1.3935779816513763,155.7737149140781,51.066051390734025,local_ridge_w50,2026
20,1.777524893314367,1.7762615493958778,0.2463036928035877,0.43781094527363185,201,1.3794117647058823,191.7330521784755,89.5830758307283,local_ridge_w50,2026
1,1.698811692032382,1.703000731157766,0.4982553107772045,0.846441947565543,534,1.2607082630691402,73.04562303186135,21.03017239502743,local_ridge_w50,2025-2026
3,1.9594484774557515,1.9706654107515307,0.33258613367808926,0.651685393258427,534,1.2607082630691402,89.51186193876023,39.36287063659624,local_ridge_w50,2025-2026
5,1.9798126381809538,1.9927724355646013,0.26957493596914733,0.5337078651685393,534,1.2607082630691402,91.46533269594009,45.26584986996573,local_ridge_w50,2025-2026
10,1.9396792757419135,1.9696466338505303,0.20563491577569776,0.3988657844990548,529,1.2638225255972697,87.47175657730601,51.806889535682515,local_ridge_w50,2025-2026
20,1.8344803953396098,1.869919507764119,0.1540769107387655,0.2826510721247563,513,1.2555944055944057,77.47750122763159,76.30732583930266,local_ridge_w50,2025-2026
1,1.6634623445577756,1.6571366531557616,0.46139663219783905,0.767515923566879,314,1.2383098591549295,62.649619554592405,24.384390021098373,local_ridge_w100,2025
3,1.9085131675201168,1.893724935126209,0.28200830346321465,0.5382165605095541,314,1.2383098591549295,69.02123351917429,43.90554345135432,local_ridge_w100,2025
5,1.9003347624361309,1.8804337719094333,0.21953892570721267,0.4171974522292994,314,1.2383098591549295,58.76478545435765,48.133591813414526,local_ridge_w100,2025
10,1.9491931193474021,1.9233393994540493,0.14541375486732508,0.28343949044585987,314,1.2383098591549295,31.782820290574605,53.092822867306246,local_ridge_w100,2025
20,1.8862675576162553,1.850880479580367,0.09454859588952783,0.17834394904458598,314,1.2383098591549295,-5.822048060222653,68.71462310398931,local_ridge_w100,2025
1,1.6489183822761,1.6526835093011563,0.5515750641265815,0.9095022624434389,221,1.375111111111111,78.01574042172271,19.573426490753025,local_ridge_w100,2026
3,1.858915834522111,1.860056810882567,0.40406951609649255,0.751131221719457,221,1.375111111111111,103.49427838196863,32.90498244546713,local_ridge_w100,2026
5,1.901177068337709,1.9024014100022033,0.3403464276450413,0.6470588235294118,221,1.375111111111111,118.03008388734874,39.00417142504682,local_ridge_w100,2026
10,1.8604456533110156,1.8629792583280955,0.29250305997552023,0.5441860465116279,215,1.3807339449541285,150.46488376723508,48.15133010338942,local_ridge_w100,2026
20,1.7808851088366728,1.7826839826839826,0.24672784179826435,0.4393939393939394,198,1.3588235294117648,185.75071793151713,84.70466635097219,local_ridge_w100,2026
1,1.656816780439408,1.662210969207283,0.4986479096861607,0.8261682242990654,535,1.2630691399662732,68.99711995017334,22.397057422581884,local_ridge_w100,2025-2026
3,1.8836100976040633,1.8935027141977725,0.33242985111172757,0.6261682242990654,535,1.2630691399662732,83.26150064941271,39.36138647509064,local_ridge_w100,2025-2026
5,1.9007742669043743,1.9122773679755385,0.2694425853862036,0.5121495327102804,535,1.2630691399662732,83.24633863882684,44.36237329784581,local_ridge_w100,2025-2026
10,1.8977765966870404,1.9229725430009919,0.20519485240657265,0.389413988657845,529,1.2638225255972697,80.01844155235533,51.08446569482587,local_ridge_w100,2025-2026
20,1.8207196725625974,1.8477293261054422,0.153399163643297,0.279296875,512,1.2531468531468533,68.26273253814547,74.89827264090847,local_ridge_w100,2025-2026
1,1.8079129574678539,1.8038856304985336,0.4621261590701318,0.8354838709677419,310,1.2225352112676056,69.96655775145497,23.63666789122557,global_quantile_w10_stale20,2025
3,2.044248196781949,2.0316606929510157,0.2824604936659266,0.5774193548387097,310,1.2225352112676056,78.48886862526619,44.362881064252925,global_quantile_w10_stale20,2025
5,2.0693404634581105,2.050094184129974,0.21979887684471724,0.45483870967741935,310,1.2225352112676056,71.37793559796424,49.668261759559904,global_quantile_w10_stale20,2025
10,2.0389412292507845,2.013824884792627,0.1455530886770276,0.2967741935483871,310,1.2225352112676056,42.995303644870894,53.64132966521762,global_quantile_w10_stale20,2025
20,1.9787292817679558,1.9417186229330443,0.09455400287318794,0.1870967741935484,310,1.2225352112676056,7.929366872461645,67.98287398855494,global_quantile_w10_stale20,2025
1,1.7124704824018893,1.711277418194894,0.5499350689505905,0.941747572815534,206,1.2817777777777777,85.78203673532036,17.72823476704575,global_quantile_w10_stale20,2026
3,1.959944857164739,1.9594346268108174,0.4037165295900068,0.7912621359223301,206,1.2817777777777777,110.04230108720604,32.612142671032196,global_quantile_w10_stale20,2026
5,1.9848112778535698,1.9838369513835863,0.3399604229794076,0.6747572815533981,206,1.2817777777777777,126.82879117396509,40.85262287091381,global_quantile_w10_stale20,2026
10,1.943690409422322,1.9416431356729862,0.2917975909924064,0.5671641791044776,201,1.2908256880733946,161.73286948002686,56.11881201794646,global_quantile_w10_stale20,2026
20,1.8232956282482422,1.8224598930481284,0.24636589591022068,0.44919786096256686,187,1.2833333333333334,199.28898671242578,96.47366052638175,global_quantile_w10_stale20,2026
1,1.7657670380728436,1.7663068655610117,0.4971816540999275,0.877906976744186,516,1.218212478920742,76.28048928377332,21.277874822270064,global_quantile_w10_stale20,2025-2026
3,2.003182152877161,2.0042473193148584,0.33086891110848576,0.6627906976744186,516,1.218212478920742,91.08578158487782,39.671694806494266,global_quantile_w10_stale20,2025-2026
5,2.0264964562832732,2.026107266188081,0.26777034681321765,0.5426356589147286,516,1.218212478920742,93.51529266900334,46.148840032697315,global_quantile_w10_stale20,2025-2026
10,1.9851064348589402,1.9907093449070932,0.20307783420616873,0.40313111545988256,511,1.2208191126279864,89.70029529431581,54.615838379304705,global_quantile_w10_stale20,2025-2026
20,1.8837347397118103,1.890184645286686,0.1516743730903411,0.2857142857142857,497,1.2164335664335666,79.92986769755882,78.70274739413566,global_quantile_w10_stale20,2025-2026
