candidate,horizon,case_lift,matched_random_day_rate,macro_corridor_year_lift,symmetric_benefit_bps,future_only_benefit_bps,n_signals
incumbent,1,1.4355033375206288,0.5438725752866788,1.434437116861265,2.039553329844701,46.38983128414809,301
incumbent,3,1.5322751322751325,0.39244186046511625,1.5314063282608499,12.19912291052137,58.63113899746999,301
incumbent,5,1.5702413929560743,0.3385221305326332,1.5625516995688895,20.61525879010143,66.99984626827556,301
incumbent,10,1.428259358554265,0.2698263851677205,1.4169054968254158,26.417916238693604,79.77386842887262,301
incumbent,20,1.424175824175824,0.18895348837209303,1.4250600790631123,36.78963850659518,102.27563392449217,301
kyrgyz_selected,1,1.049891196834817,0.5435483870967742,1.051128934773566,2.0840837630309332,10.219939666897293,375
kyrgyz_selected,3,1.143045267489712,0.3919354838709677,1.147088699235191,7.3167641098599345,17.750809873387166,375
kyrgyz_selected,5,1.2311217183770884,0.3379032258064516,1.2384251942187565,15.754414768753904,30.565097627338385,375
kyrgyz_selected,10,1.3563273453093814,0.2693548387096774,1.3707814826293472,37.11700610104733,66.86680832166776,375
kyrgyz_selected,20,1.7805128205128202,0.18870967741935488,1.7935528530559832,77.14481256470674,131.13664958448007,375
incumbent90_kyrgyz10,1,1.4188978328173378,0.5444896968389253,1.4159887081580327,2.608795723560823,46.22574250619385,299
incumbent90_kyrgyz10,3,1.530444322545255,0.3933541913906571,1.526234221993944,10.674510280186608,56.80757347223603,299
incumbent90_kyrgyz10,5,1.5756661239725211,0.33961322688531664,1.5636415168684992,19.093271901084524,66.26400844171751,299
incumbent90_kyrgyz10,10,1.4447321250746865,0.2708490667817456,1.4240445379302389,25.9770579900289,81.31761916085041,299
incumbent90_kyrgyz10,20,1.588499039214291,0.18948915740640845,1.584953681705023,41.43481180736044,111.10502020079143,299
incumbent75_kyrgyz25,1,1.399443232262433,0.5431696817785527,1.398884391422532,3.4013402058936224,43.15991301682468,296
incumbent75_kyrgyz25,3,1.5365658393957324,0.39136061464690497,1.5330749920441642,12.060452833285154,54.644678768366234,296
incumbent75_kyrgyz25,5,1.6031027795733679,0.3371839581517001,1.5978668568187189,21.420450650270748,65.90831829087142,296
incumbent75_kyrgyz25,10,1.5463854810909456,0.26871730601569316,1.535920546672352,30.841266745209413,85.33377511353336,296
incumbent75_kyrgyz25,20,1.7573391178597253,0.1883990845684394,1.7637975018033523,52.346398087914345,125.99966384056901,296
incumbent60_kyrgyz40,1,1.3998847040737894,0.5432717402651633,1.3993823952694384,5.416747197608824,42.439024708356655,309
incumbent60_kyrgyz40,3,1.5456605785895214,0.3915335630024011,1.54251881501864,16.260184537208563,55.11537310891516,309
incumbent60_kyrgyz40,5,1.6211031175059953,0.33737864077669905,1.6174579165554452,26.324143138899572,69.82364560018007,309
incumbent60_kyrgyz40,10,1.6724238307781873,0.2689737968472701,1.6609482299584595,44.467035144093295,99.79425573505173,309
incumbent60_kyrgyz40,20,1.9918299522259915,0.18847217872429275,1.9882959063035446,76.73091358928475,146.292399921855,309
incumbent_kgs_local_overlay,1,1.3271411395836767,0.5447272447092666,1.346132354956503,2.0219818823398863,36.76173569182742,314
incumbent_kgs_local_overlay,3,1.4242177048324467,0.39355609204848985,1.447611456465978,11.820410276427781,48.54604964392774,314
incumbent_kgs_local_overlay,5,1.4610823671588804,0.3400323607972057,1.4804298357696062,20.069470114803,57.358980780562256,314
incumbent_kgs_local_overlay,10,1.3757526907211606,0.27084189439079515,1.376576729702128,28.14725467575863,73.22962137075122,314
incumbent_kgs_local_overlay,20,1.4932683850889654,0.1898114855146908,1.478803668806702,43.91351000071755,104.36660278953339,314
