rate_target,n,frequency,rolling_window,cooldown_days,hit_rate,base_rate,lift,auc,forward_benefit_bps,year_lift_min,year_lift_median,year_lift_positive,years,corridor_freq_min,corridor_freq_max,corridor_lift_min,cluster_share_7d,macro_year_lift,year_frequency_min,year_frequency_max,simpson_gap,candidate,stage1_rate,stage1_rolling,balanced_robustness
0.3,805,1.5696378830083566,500,0,0.40869565217391307,0.32793522267206476,1.2462694578636608,0.5878093856909118,36.74581272205477,1.1195861141937198,1.2392805274602137,2,2,1.2479108635097493,1.8133704735376044,1.18936713836478,0.9,1.2392805274602137,1.0163841807909604,2.167231638418079,0.006988930403447169,router:equal,0.3,500,1.1195861141937198
0.2,572,1.1153203342618385,120,0,0.38986013986013984,0.32793522267206476,1.1888327721661054,0.5858760969805147,45.442254379626384,1.113490364025696,1.1751061910127212,2,2,0.9066852367688022,1.2966573816155988,1.1359669811320754,0.8800705467372134,1.1751061910127212,0.9096045197740114,1.3525423728813561,0.01372658115338421,online_mix:consensus_geometric,0.2,120,1.113490364025696
0.35,951,1.854317548746518,120,0,0.3711882229232387,0.32793522267206476,1.1318949513832095,0.5887286181764093,26.195087906301247,1.0422740524781342,1.111483748277438,2,2,1.7061281337047354,1.9498607242339834,1.0977777777777777,0.9164904862579282,1.111483748277438,1.8033898305084748,1.957627118644068,0.02041120310577149,diverse:global_floor_q50,0.35,120,1.0422740524781342
0.25,582,1.1348189415041783,120,0,0.37628865979381443,0.32793522267206476,1.147448135420644,0.5316343150379295,57.470665270118836,1.0348198491760543,1.1613603619058113,2,2,1.052924791086351,1.2284122562674096,1.0291666666666666,0.8353552859618717,1.1613603619058113,1.0282485875706215,1.2734463276836159,-0.013912226485167212,diverse:global_gmm3_hist,0.25,120,1.0291666666666666
0.3,775,1.511142061281337,120,0,0.3561290322580645,0.32793522267206476,1.085973715651135,0.516877138182359,23.51276799264083,0.9751579203109815,1.04479972176573,1,2,1.3746518105849583,1.6476323119777159,0.9617577527464887,0.8883116883116883,1.04479972176573,1.328813559322034,1.7361581920903955,0.04117399388540499,recency:local_hist_window3,0.3,120,0.9617577527464887
0.4,1043,2.0337047353760447,120,0,0.3432406519654842,0.32793522267206476,1.0466721115490691,0.5249263721552878,24.418773872901664,0.9771349762276339,1.0449489811083659,1,2,1.9791086350974931,2.135097493036212,0.9548090197883111,0.8940269749518305,1.0449489811083659,1.7915254237288136,2.3333333333333335,0.0017231304407032688,online_sgd:online_sgd_local_w5_eta02_e1,0.4,120,0.9548090197883111
0.4,991,1.9323119777158773,120,0,0.3440968718466196,0.32793522267206476,1.0492830536557411,0.5040647776290347,5.746641514695629,0.9300084285576112,1.0041370706743753,1,2,1.8621169916434541,1.9693593314763231,0.904419191919192,0.8904665314401623,1.0041370706743753,1.6689265536723166,2.2502824858757062,0.04514598298136585,hazard:pooled_hazard_hist_w5,0.4,120,0.904419191919192
0.25,654,1.2752089136490252,120,0,0.3348623853211009,0.32793522267206476,1.0211235700532337,0.4981964896623532,25.199835384882622,0.8566443040306935,0.9606645419594497,1,2,1.1894150417827298,1.3356545961002786,0.8857581967213114,0.8690292758089369,0.9606645419594497,1.0638418079096046,1.5225988700564972,0.060459028093784006,delayed:delayed_global_xgb_w5,0.25,120,0.8566443040306935
0.3,771,1.503342618384401,500,0,0.3527885862516213,0.32793522267206476,1.075787417335191,0.5316469582031831,8.567723169266708,0.850858251905126,1.0179556905358123,1,2,1.3064066852367688,1.5696378830083566,0.9638084089357135,0.881201044386423,1.0179556905358123,1.372316384180791,1.6768361581920903,0.05783172679937865,barrier:barrier_hist_window5,0.3,500,0.850858251905126
0.2,637,1.2420612813370475,120,0,0.3139717425431711,0.32793522267206476,0.9574200050390527,0.46914918934999256,25.263007068255003,0.8886221823121732,0.9538275662097199,1,2,1.1894150417827298,1.3064066852367688,0.8389686583294735,0.9034810126582279,0.9538275662097199,1.0480225988700564,1.4711864406779662,0.0035924388293328002,external:b5_d10__global_combined_extra,0.2,120,0.8389686583294735
0.25,688,1.3415041782729804,120,0,0.3066860465116279,0.32793522267206476,0.9352031294860752,0.49921835490108585,9.58934552415077,0.80882663624456,0.882612835803825,0,2,1.1991643454038998,1.5793871866295266,0.8362251375370292,0.8696925329428989,0.882612835803825,1.0915254237288137,1.6293785310734465,0.05259029368225021,external:b5_d10__local_combined_hist,0.25,120,0.80882663624456
0.2,545,1.0626740947075208,120,0,0.3577981651376147,0.32793522267206476,1.091063540604825,0.5724966532797858,36.25260778634558,1.0001619695497246,1.0426537020480215,2,2,0.9749303621169917,1.16991643454039,0.8071895424836601,0.8592592592592593,1.0426537020480215,0.8542372881355933,1.301129943502825,0.048409838556803475,online_mix:consensus_disagreement_1.0,0.2,120,0.8071895424836601
0.25,719,1.4019498607242342,500,0,0.2670375521557719,0.32793522267206476,0.8142996960799465,0.4818749070355496,-11.561521899558485,0.7486578542239977,0.7928177512130679,0,2,1.3064066852367688,1.4623955431754876,0.7821612349914238,0.8235294117647058,0.7928177512130679,0.9016949152542374,1.94180790960452,0.0214819448668786,online_sgd:online_sgd_expand_eta02_e1,0.25,500,0.7486578542239977
0.25,647,1.2615598885793873,120,0,0.33384853168469864,0.32793522267206476,1.0180319422977848,0.501297411869701,20.13880333337954,0.7201166180758017,0.9204000361541911,1,2,1.1894150417827298,1.3064066852367688,0.8828635620915033,0.8364485981308412,0.9204000361541911,1.0282485875706215,1.5305084745762714,0.09763190614359374,recency:global_hist_window5,0.25,120,0.7201166180758017
0.25,592,1.1543175487465183,250,0,0.34797297297297297,0.32793522267206476,1.0611027694361028,0.5032069016807973,4.3874846369475895,0.6781367255422348,0.926743832673568,1,2,1.052924791086351,1.277158774373259,0.9850448654037888,0.8057921635434412,0.926743832673568,0.8819209039548023,1.459322033898305,0.13435893676253485,delayed:delayed_global_hist_w5,0.25,250,0.6781367255422348
0.25,703,1.3707520891364902,120,0,0.2887624466571835,0.32793522267206476,0.8805472138805472,0.464589840844861,8.135179259337372,0.6742127699116072,0.7934649910083702,0,2,1.286908077994429,1.4916434540389973,0.7338086749851456,0.9197707736389685,0.7934649910083702,0.9926553672316385,1.7875706214689266,0.08708222287217704,ranker:global_ndcg_quarter_w5,0.25,120,0.6742127699116072
0.2,511,0.9963788300835655,120,0,0.29549902152641877,0.32793522267206476,0.9010896088521659,0.48007437156031535,0.5566862433502521,0.6675238313624006,0.8023139795223433,0,2,0.9066852367688022,1.1211699164345403,0.8176100628930818,0.8458498023715415,0.8023139795223433,0.703954802259887,1.3169491525423729,0.09877562932982265,ranker:local_pairwise_quarter_w5,0.2,120,0.6675238313624006
0.25,692,1.3493036211699165,120,0,0.2861271676300578,0.32793522267206476,0.8725112395632627,0.45478097575487136,-22.544975682977682,0.6499247455557778,0.7965188341694939,0,2,1.3356545961002786,1.3649025069637883,0.8240376390076989,0.8719068413391557,0.7965188341694939,1.0954802259887007,1.6412429378531075,0.07599240539376884,cross:cross_hist_w5,0.25,120,0.6499247455557778
0.25,570,1.1114206128133706,250,0,0.312280701754386,0.32793522267206476,0.9522633744855968,0.5255555555555556,17.55933041469549,0.7279867450493078,0.8457505891307326,0,2,0.8091922005571031,1.4916434540389973,0.6323795180722891,0.8884955752212389,0.8457505891307326,0.7237288135593221,1.5305084745762714,0.10651278535486419,barrier:barrier_local_ridge_window5,0.25,250,0.6323795180722891
0.2,617,1.2030640668523678,120,0,0.2544570502431118,0.32793522267206476,0.7759369309882547,0.45422616391491893,-16.304441888355438,0.6147336983573918,0.7172348487400412,0,2,1.1894150417827298,1.2186629526462396,0.7279471544715447,0.9248366013071896,0.7172348487400412,0.9728813559322035,1.4672316384180792,0.058702082248213494,cross:cross_extra_w5,0.2,120,0.6147336983573918
0.2,553,1.0782729805013926,120,0,0.2875226039783002,0.32793522267206476,0.8767664590449402,0.47096534285289304,-5.455294492599612,0.5843878314227711,0.7597368309928931,0,2,0.9749303621169917,1.2966573816155988,0.6963988209662951,0.8722627737226277,0.7597368309928931,0.7553672316384181,1.4316384180790962,0.11702962805204709,hazard:pooled_hazard_local_hist_w5,0.2,120,0.5843878314227711
0.2,495,0.9651810584958217,120,0,0.24646464646464647,0.32793522267206476,0.7515650330465146,0.46895582329317265,-34.01274537501504,0.5276716597969237,0.7062683129428923,0,2,0.9066852367688022,1.033426183844011,0.6589302387621716,0.8571428571428571,0.7062683129428923,0.9175141242937853,1.0401129943502825,0.04529672010362229,round1:xgb_top140_5y,0.2,120,0.5276716597969237
0.25,600,1.16991643454039,120,0,0.24333333333333335,0.32793522267206476,0.7420164609053499,0.4366964152907928,-28.310427574154442,0.4836604151255385,0.6799316497340238,0,2,1.1406685236768803,1.2186629526462396,0.6422,0.9193277310924369,0.6799316497340238,1.0598870056497176,1.3129943502824861,0.06208481117132614,round1:rf_top80_5y,0.25,120,0.4836604151255385
