rate_target,n,frequency,rolling_window,cooldown_days,hit_rate,base_rate,lift,auc,forward_benefit_bps,year_lift_min,year_lift_median,year_lift_positive,years,corridor_freq_min,corridor_freq_max,corridor_lift_min,cluster_share_7d,macro_year_lift,year_frequency_min,year_frequency_max,quarter_frequency_min,quarter_frequency_max,quarters,period,candidate,policy_type,rate,rolling,cooldown,history,strong,late,late_weekday,weekly_cap,robustness
0.22,323,1.2738028169014084,60,0,0.32507739938080493,0.22186234817813766,1.4652211249463287,0.6230204242843145,4.786969191047536,1.4652211249463287,1.4652211249463287,1,1,1.2028169014084507,1.36056338028169,1.254675594550912,0.8364779874213837,1.4652211249463287,1.2738028169014084,1.2738028169014084,0.7636363636363637,2.5846153846153848,4,retrospective_2025,source_stack50_benefit50,rolling,0.22,60,0,0,0.0,0.0,0,0,1.254675594550912
0.22,261,1.6239999999999999,60,0,0.41762452107279696,0.3401273885350318,1.227847374689684,0.5579729006695299,55.45452037409636,1.227847374689684,1.227847374689684,1,1,1.5244444444444443,1.711111111111111,1.1741452991452992,0.9453125,1.227847374689684,1.6239999999999999,1.6239999999999999,0.2955555555555555,2.8545454545454545,3,retrospective_2026,source_stack50_benefit50,rolling,0.22,60,0,0,0.0,0.0,0,0,1.1741452991452992
0.22,584,1.3787521079258012,60,0,0.3664383561643836,0.26782178217821784,1.3682171524067557,0.616399150647575,27.43120011360874,1.227847374689684,1.3465342498180064,2,2,1.3220910623946038,1.4283305227655987,1.2520661157024793,0.8773747841105354,1.3465342498180064,1.2738028169014084,1.6239999999999999,0.2955555555555555,2.8545454545454545,7,combined_2025_2026,source_stack50_benefit50,rolling,0.22,60,0,0,0.0,0.0,0,0,1.2520661157024793
0.35,417,1.6445070422535213,120,0,0.3213429256594724,0.22186234817813766,1.44838873426806,0.6121113955201775,5.484230714418973,1.44838873426806,1.44838873426806,1,1,1.5774647887323943,1.8140845070422535,1.3585,0.8786407766990292,1.44838873426806,1.6445070422535213,1.6445070422535213,0.9538461538461539,2.7461538461538466,4,retrospective_2025,original75_qrank25,rolling,0.35,120,0,0,0.0,0.0,0,0,1.3585
0.35,367,2.2835555555555556,120,0,0.3896457765667575,0.3401273885350318,1.1455877700558226,0.5730337078651686,46.97155782160798,1.1455877700558226,1.1455877700558226,1,1,2.0844444444444443,2.4577777777777774,1.0422000948316739,0.925414364640884,1.1455877700558226,2.2835555555555556,2.2835555555555556,1.3844444444444444,3.2,3,retrospective_2026,original75_qrank25,rolling,0.35,120,0,0,0.0,0.0,0,0,1.0422000948316739
0.35,784,1.8509274873524455,120,0,0.35331632653061223,0.26782178217821784,1.3192217737372212,0.6104033174235977,24.90495654138117,1.1455877700558226,1.2969882521619414,2,2,1.7588532883642498,1.9595278246205734,1.228240063055962,0.8947368421052632,1.2969882521619414,1.6445070422535213,2.2835555555555556,0.9538461538461539,3.2,7,combined_2025_2026,original75_qrank25,rolling,0.35,120,0,0,0.0,0.0,0,0,1.228240063055962
0.35,424,1.6721126760563378,120,0,0.32547169811320753,0.22186234817813766,1.4669983473350776,0.6049982150588271,7.385960531632028,1.4669983473350776,1.4669983473350776,1,1,1.43943661971831,1.8929577464788732,1.235,0.8878281622911695,1.4669983473350776,1.6721126760563378,1.6721126760563378,1.0153846153846153,2.7102564102564104,4,retrospective_2025,original75_qrank25_day20,rolling,0.35,120,0,0,0.0,0.0,0,0,1.235
0.35,372,2.3146666666666667,120,0,0.3844086021505376,0.3401273885350318,1.130190084974427,0.5712261217879195,50.167082216660056,1.130190084974427,1.130190084974427,1,1,1.8666666666666665,2.7377777777777776,1.0635926573426575,0.9318801089918256,1.130190084974427,2.3146666666666667,2.3146666666666667,1.3222222222222222,3.3272727272727276,3,retrospective_2026,original75_qrank25_day20,rolling,0.35,120,0,0,0.0,0.0,0,0,1.0635926573426575
0.35,796,1.8792580101180438,120,0,0.3530150753768844,0.26782178217821784,1.3180969542722856,0.6044118584395961,27.37914805277578,1.130190084974427,1.2985942161547523,2,2,1.7824620573355818,2.018549747048904,1.1923266109198227,0.9026548672566371,1.2985942161547523,1.6721126760563378,2.3146666666666667,1.0153846153846153,3.3272727272727276,7,combined_2025_2026,original75_qrank25_day20,rolling,0.35,120,0,0,0.0,0.0,0,0,1.1923266109198227
0.25,341,1.3447887323943661,20,0,0.2756598240469208,0.22186234817813766,1.2424813237151358,0.5526728544627327,0.8147312659163892,1.2424813237151358,1.2424813237151358,1,1,1.2225352112676056,1.5380281690140845,0.8981818181818182,0.8125,1.2424813237151358,1.3447887323943661,1.3447887323943661,1.2153846153846155,1.5076923076923079,4,retrospective_2025,qrank50_day50,rolling,0.25,20,0,0,0.0,0.0,0,0,0.8981818181818182
0.25,258,1.6053333333333333,20,0,0.35658914728682173,0.3401273885350318,1.0483988038208054,0.5769019420704814,24.34236261460175,1.0483988038208054,1.0483988038208054,1,1,1.3377777777777777,1.8044444444444443,0.7136363636363636,0.8774703557312253,1.0483988038208054,1.6053333333333333,1.6053333333333333,1.2909090909090908,2.475,3,retrospective_2026,qrank50_day50,rolling,0.25,20,0,0,0.0,0.0,0,0,0.7136363636363636
0.25,599,1.4141652613827993,20,0,0.3105175292153589,0.26782178217821784,1.159418500951987,0.5585735728417187,10.948502364348478,1.0483988038208054,1.1454400637679707,2,2,1.3102866779089377,1.5227655986509276,0.8176758306628437,0.8333333333333334,1.1454400637679707,1.3447887323943661,1.6053333333333333,1.2153846153846155,2.475,7,combined_2025_2026,qrank50_day50,rolling,0.25,20,0,0,0.0,0.0,0,0,0.8176758306628437
0.2,281,1.108169014084507,20,0,0.2704626334519573,0.22186234817813766,1.2190560303400266,0.5662611938598023,4.044729816907215,1.2190560303400266,1.2190560303400266,1,1,0.9661971830985915,1.2422535211267605,0.8821428571428572,0.782608695652174,1.2190560303400266,1.108169014084507,1.108169014084507,0.8461538461538461,1.3076923076923077,4,retrospective_2025,qrank75_day25,rolling,0.2,20,0,0,0.0,0.0,0,0,0.8821428571428572
0.2,235,1.462222222222222,20,0,0.37446808510638296,0.3401273885350318,1.1009642202565941,0.5971975185458331,32.60643129950533,1.1009642202565941,1.1009642202565941,1,1,1.2444444444444442,1.6177777777777775,0.8177083333333334,0.9043478260869565,1.1009642202565941,1.462222222222222,1.462222222222222,1.1355555555555554,2.3,3,retrospective_2026,qrank75_day25,rolling,0.2,20,0,0,0.0,0.0,0,0,0.8177083333333334
0.2,516,1.218212478920742,20,0,0.3178294573643411,0.26782178217821784,1.1867199701958762,0.5749057351285214,17.05248146111372,1.1009642202565941,1.1600101252983104,2,2,1.0505902192242833,1.3102866779089377,0.8657142857142857,0.8297455968688845,1.1600101252983104,1.108169014084507,1.462222222222222,0.8461538461538461,2.3,7,combined_2025_2026,qrank75_day25,rolling,0.2,20,0,0,0.0,0.0,0,0,0.8657142857142857
0.18,274,1.08056338028169,20,0,0.2773722627737226,0.22186234817813766,1.2501997975384942,0.5817370136035304,5.99228327092296,1.2501997975384942,1.2501997975384942,1,1,0.9859154929577465,1.2422535211267605,1.0252830188679245,0.7806691449814126,1.2501997975384942,1.08056338028169,1.08056338028169,0.8153846153846154,1.3204545454545455,4,retrospective_2025,original25_qrank75_day20,rolling,0.18,20,0,0,0.0,0.0,0,0,1.0252830188679245
0.18,236,1.4684444444444444,20,0,0.3771186440677966,0.3401273885350318,1.1087570621468927,0.5940161670498749,34.48526939577963,1.1087570621468927,1.1087570621468927,1,1,1.3066666666666666,1.711111111111111,0.8177083333333334,0.9047619047619048,1.1087570621468927,1.4684444444444444,1.4684444444444444,1.0422222222222222,2.25,3,retrospective_2026,original25_qrank75_day20,rolling,0.18,20,0,0,0.0,0.0,0,0,0.8177083333333334
0.18,510,1.2040472175379429,20,0,0.3235294117647059,0.26782178217821784,1.2080026095465912,0.5882634142317773,19.17727292869977,1.1087570621468927,1.1794784298426935,2,2,1.0860033726812817,1.3220910623946038,0.9349884283610351,0.8297029702970297,1.1794784298426935,1.08056338028169,1.4684444444444444,0.8153846153846154,2.25,7,combined_2025_2026,original25_qrank75_day20,rolling,0.18,20,0,0,0.0,0.0,0,0,0.9349884283610351
0.22,323,1.2738028169014084,20,0,0.28173374613003094,0.22186234817813766,1.2698583082868182,0.5944860508746211,6.374430397439026,1.2698583082868182,1.2698583082868182,1,1,1.1633802816901408,1.4591549295774648,1.0857142857142856,0.8270440251572327,1.2698583082868182,1.2738028169014084,1.2738028169014084,1.0153846153846153,1.590909090909091,4,retrospective_2025,original50_qrank50_day20,rolling,0.22,20,0,0,0.0,0.0,0,0,1.0857142857142856
0.22,272,1.6924444444444442,20,0,0.35294117647058826,0.3401273885350318,1.0376734963648382,0.5846637166861887,27.83620817861372,1.0376734963648382,1.0376734963648382,1,1,1.5244444444444443,1.8666666666666665,0.7593005952380953,0.9288389513108615,1.0376734963648382,1.6924444444444442,1.6924444444444442,1.1666666666666665,2.525,3,retrospective_2026,original50_qrank50_day20,rolling,0.22,20,0,0,0.0,0.0,0,0,0.7593005952380953
0.22,595,1.4047217537942664,20,0,0.3142857142857143,0.26782178217821784,1.1734882492738314,0.5977286446479924,16.185528811690318,1.0376734963648382,1.1537659023258282,2,2,1.2748735244519394,1.4755480607082632,0.9432722241438949,0.8661016949152542,1.1537659023258282,1.2738028169014084,1.6924444444444442,1.0153846153846153,2.525,7,combined_2025_2026,original50_qrank50_day20,rolling,0.22,20,0,0,0.0,0.0,0,0,0.9432722241438949
0.3,443,1.7470422535211265,40,0,0.26636568848758463,0.22186234817813766,1.2005898732925804,0.5995465489871408,-9.598348747800143,1.2005898732925804,1.2005898732925804,1,1,1.5971830985915492,1.912676056338028,0.9957168052406147,0.8721461187214612,1.2005898732925804,1.7470422535211265,1.7470422535211265,1.2153846153846155,2.871794871794872,4,retrospective_2025,original50_qrank50,rolling,0.3,40,0,0,0.0,0.0,0,0,0.9957168052406147
0.3,300,1.8666666666666665,40,0,0.4066666666666667,0.3401273885350318,1.1956304619225968,0.5874112475236071,52.4295584953587,1.1956304619225968,1.1956304619225968,1,1,1.7733333333333332,2.0533333333333332,1.0922565033272837,0.9423728813559322,1.1956304619225968,1.8666666666666665,1.8666666666666665,0.7777777777777778,2.875,3,retrospective_2026,original50_qrank50,rolling,0.3,40,0,0,0.0,0.0,0,0,1.0922565033272837
0.3,743,1.7541315345699833,40,0,0.32301480484522205,0.26782178217821784,1.2060811567233798,0.6019985277558024,15.446566693582971,1.1956304619225968,1.1981101676075885,2,2,1.676222596964587,1.8296795952782463,1.1420297848869279,0.8943089430894309,1.1981101676075885,1.7470422535211265,1.8666666666666665,0.7777777777777778,2.875,7,combined_2025_2026,original50_qrank50,rolling,0.3,40,0,0,0.0,0.0,0,0,1.1420297848869279
0.3,405,1.5971830985915492,20,0,0.2691358024691358,0.22186234817813766,1.213075606019645,0.585227143258619,1.3719443180647173,1.213075606019645,1.213075606019645,1,1,1.5380281690140845,1.656338028169014,1.020924825626453,0.8575,1.213075606019645,1.5971830985915492,1.5971830985915492,1.2307692307692308,2.1,4,retrospective_2025,original25_qrank75,rolling,0.3,20,0,0,0.0,0.0,0,0,1.020924825626453
0.3,328,2.0408888888888885,20,0,0.34146341463414637,0.3401273885350318,1.003928016808258,0.5960587393171664,24.975945881527224,1.003928016808258,1.003928016808258,1,1,1.8666666666666665,2.2088888888888887,0.8688151041666667,0.9473684210526315,1.003928016808258,2.0408888888888885,2.0408888888888885,1.6022222222222222,2.975,3,retrospective_2026,original25_qrank75,rolling,0.3,20,0,0,0.0,0.0,0,0,0.8688151041666667
0.3,733,1.730522765598651,20,0,0.3015006821282401,0.26782178217821784,1.1257511606267006,0.5915622160649587,11.934171484252579,1.003928016808258,1.1085018114139515,2,2,1.6290050590219225,1.7706576728499157,1.0519352568613654,0.8914835164835165,1.1085018114139515,1.5971830985915492,2.0408888888888885,1.2307692307692308,2.975,7,combined_2025_2026,original25_qrank75,rolling,0.3,20,0,0,0.0,0.0,0,0,1.0519352568613654
