candidate,h,n_scope,n_signals,first,last,hit_rate,base_rate,pooled_lift,adjusted_lift,frequency,currency_rate_min,currency_rate_max,symmetric_bps,forward_bps
change_z_r25,1,3280,878,2024-01-09,2026-08-31,0.5933940774487472,0.5161585365853658,1.1496353065752456,1.1389618835884214,1.3034994697773064,1.2841993637327678,1.3287380699893954,-27.505405405984018,19.14129368100835
change_z_r25,3,3270,874,2024-01-09,2026-08-27,0.40045766590389015,0.354434250764526,1.1298503602292673,1.109399709617175,1.3030883919062834,1.2896698615548456,1.326943556975506,-37.187797018458554,23.865329464424597
change_z_r25,5,3260,869,2024-01-09,2026-08-25,0.3187571921749137,0.294478527607362,1.082446298427311,1.0602589325820466,1.2983991462113127,1.2849519743863393,1.3223052294557096,-36.94243736524566,24.98648443866811
change_z_r25,10,3235,864,2024-01-09,2026-08-18,0.23032407407407407,0.22812982998454404,1.009618400582154,0.9761956128814847,1.3006451612903227,1.2870967741935484,1.324731182795699,-39.48188495593427,24.457125236477825
change_z_r25,20,3185,829,2024-01-09,2026-08-04,0.16164053075995174,0.16577708006279435,0.9750475198303907,0.9390053713001709,1.2670305676855893,1.2532751091703056,1.2914847161572052,-37.04016126671288,14.898735472809603
change_z_r35,1,3280,1193,2024-01-09,2026-08-31,0.5993294216261525,0.5161585365853658,1.1611343785787245,1.150971528764404,1.771155885471898,1.7518557794273595,1.8038176033934252,-22.46627828643954,18.207548097530047
change_z_r35,3,3270,1189,2024-01-09,2026-08-27,0.4121110176619008,0.354434250764526,1.1627291007372007,1.1444133176697684,1.772736954206603,1.7518636847710332,1.8040468583599574,-29.827307608280233,23.267556916040753
change_z_r35,5,3260,1184,2024-01-09,2026-08-25,0.3454391891891892,0.294478527607362,1.1730539132882882,1.1507227858201128,1.769050160085379,1.7481323372465314,1.8004268943436499,-28.776344413442732,26.062531859752376
change_z_r35,10,3235,1173,2024-01-09,2026-08-18,0.25234441602728047,0.22812982998454404,1.1061438832632147,1.0746468578015185,1.765806451612903,1.7462365591397848,1.7913978494623655,-30.61530151832506,26.372087004268934
change_z_r35,20,3185,1134,2024-01-09,2026-08-04,0.18253968253968253,0.16577708006279435,1.1011153198653199,1.0669424616937038,1.733187772925764,1.7194323144104804,1.75764192139738,-26.465188435079753,22.419274227537276
change_z_r35_cd3,1,3280,750,2024-01-09,2026-08-31,0.5666666666666667,0.5161585365853658,1.0978539082496555,1.0944570920279406,1.1134676564156945,1.0986214209968186,1.1357370095440085,-23.730979960740708,11.07109266026979
change_z_r35_cd3,3,3270,746,2024-01-09,2026-08-27,0.38605898123324395,0.354434250764526,1.0892259436002654,1.0837762598298897,1.112247071352503,1.0958466453674123,1.1331203407880726,-21.87987270473088,17.018881369888685
change_z_r35_cd3,5,3260,741,2024-01-09,2026-08-25,0.3252361673414305,0.294478527607362,1.1044478182636077,1.0988350272490401,1.1071504802561365,1.0907150480256136,1.1280683030949838,-17.06231474383686,20.565144127102997
change_z_r35_cd3,10,3235,736,2024-01-09,2026-08-18,0.23505434782608695,0.22812982998454404,1.0303534081536467,1.0205536244607256,1.1079569892473118,1.0913978494623655,1.129032258064516,-15.517484905111681,20.96954205497661
change_z_r35_cd3,20,3185,716,2024-01-09,2026-08-04,0.17597765363128492,0.16577708006279435,1.0615318689690199,1.04989173002196,1.0943231441048034,1.0775109170305677,1.1157205240174672,-8.615845890700694,17.421563092686988
cny_last_r25,1,3280,830,2024-01-09,2026-08-31,0.8433734939759037,0.5161585365853658,1.6339427408393172,1.6163430782983315,1.232237539766702,1.232237539766702,1.232237539766702,16.256177097600666,67.13248255432839
cny_last_r25,3,3270,825,2024-01-09,2026-08-27,0.6254545454545455,0.354434250764526,1.764656051455016,1.730061436011844,1.2300319488817892,1.2300319488817892,1.2300319488817892,22.182249223208046,72.13103256754873
cny_last_r25,5,3260,820,2024-01-09,2026-08-25,0.5231707317073171,0.294478527607362,1.7766006097560976,1.7409523243971845,1.2251867662753468,1.2251867662753468,1.2251867662753468,23.62901461308971,70.03844331917507
cny_last_r25,10,3235,815,2024-01-09,2026-08-18,0.4,0.22812982998454404,1.7533875338753389,1.6865043378208353,1.2268817204301075,1.2268817204301075,1.2268817204301075,25.971140836698996,70.18918023442384
cny_last_r25,20,3185,785,2024-01-09,2026-08-04,0.29426751592356687,0.16577708006279435,1.7750796178343948,1.6677434189101725,1.1997816593886463,1.1997816593886463,1.1997816593886463,33.61900776656708,61.271119241361
cny_last_r35,1,3280,1150,2024-01-09,2026-08-31,0.7860869565217391,0.5161585365853658,1.5229564190143559,1.511235188005824,1.707317073170732,1.7073170731707317,1.7073170731707317,13.052017416926475,54.31610845463037
cny_last_r35,3,3270,1145,2024-01-09,2026-08-27,0.5816593886462882,0.354434250764526,1.6410924942824523,1.6178227453941647,1.7071352502662407,1.7071352502662407,1.7071352502662407,19.396462839748754,58.07716369520734
cny_last_r35,5,3260,1135,2024-01-09,2026-08-25,0.48722466960352423,0.294478527607362,1.6545337738619676,1.630902621698539,1.695837780149413,1.6958377801494129,1.6958377801494129,22.00226773810404,55.75927455547294
cny_last_r35,10,3235,1130,2024-01-09,2026-08-18,0.3584070796460177,0.22812982998454404,1.5710662637599828,1.528380222582443,1.701075268817204,1.7010752688172042,1.7010752688172042,25.26003338295861,55.02310047596629
cny_last_r35,20,3185,1100,2024-01-09,2026-08-04,0.2690909090909091,0.16577708006279435,1.6232093663911846,1.5527734207613422,1.6812227074235806,1.6812227074235808,1.6812227074235808,30.62445748254148,47.982898653514205
cny_last_r35_cd3,1,3280,765,2024-01-09,2026-08-31,0.7633986928104575,0.5161585365853658,1.479000420802304,1.4736757989060154,1.1357370095440085,1.1357370095440085,1.1357370095440085,17.1901691254775,48.2952667242829
cny_last_r35_cd3,3,3270,765,2024-01-09,2026-08-27,0.5464052287581699,0.354434250764526,1.5416264866602376,1.5306455360591236,1.1405750798722045,1.1405750798722045,1.1405750798722045,26.440329744896445,53.491582531841196
cny_last_r35_cd3,5,3260,760,2024-01-09,2026-08-25,0.4763157894736842,0.294478527607362,1.6174890350877191,1.6062232347051533,1.135538954108858,1.135538954108858,1.135538954108858,28.28887085587876,52.503417057213454
cny_last_r35_cd3,10,3235,755,2024-01-09,2026-08-18,0.3509933774834437,0.22812982998454404,1.5385685313806783,1.5178050488155899,1.1365591397849462,1.1365591397849462,1.1365591397849462,29.38752120917475,51.19902462918494
cny_last_r35_cd3,20,3185,740,2024-01-09,2026-08-04,0.25,0.16577708006279435,1.5080492424242424,1.4739512707814022,1.131004366812227,1.131004366812227,1.131004366812227,31.286789620197343,45.37396770684222
cny_post_r25,1,3280,830,2024-01-09,2026-08-31,0.8132530120481928,0.5161585365853658,1.5755876429521989,1.5582255245170193,1.232237539766702,1.232237539766702,1.232237539766702,15.91403826790576,63.77711447751135
cny_post_r25,3,3270,825,2024-01-09,2026-08-27,0.6060606060606061,0.354434250764526,1.7099380343556356,1.6752297150987905,1.2300319488817892,1.2300319488817892,1.2300319488817892,25.667104583920302,70.90260117672906
cny_post_r25,5,3260,815,2024-01-09,2026-08-25,0.5153374233128835,0.294478527607362,1.75,1.7126023282718161,1.2177161152614728,1.2177161152614728,1.2177161152614728,28.549317830690054,69.25728908734555
cny_post_r25,10,3235,810,2024-01-09,2026-08-18,0.38641975308641974,0.22812982998454404,1.6938589447622872,1.6312288610809416,1.2193548387096773,1.2193548387096773,1.2193548387096773,33.12648413417168,68.88558106517796
cny_post_r25,20,3185,785,2024-01-09,2026-08-04,0.2789808917197452,0.16577708006279435,1.6828676896352055,1.592402397039977,1.1997816593886463,1.1997816593886463,1.1997816593886463,41.836932316819414,61.080475572191006
cny_post_r35,1,3280,1200,2024-01-09,2026-08-31,0.7666666666666667,0.5161585365853658,1.4853317582201222,1.47222851686705,1.7815482502651112,1.7815482502651112,1.7815482502651112,14.8773369402622,51.298183667655046
cny_post_r35,3,3270,1195,2024-01-09,2026-08-27,0.5732217573221757,0.354434250764526,1.6172865801928513,1.5905927886797364,1.7816826411075612,1.7816826411075612,1.7816826411075612,23.423743813214703,57.76433777943845
cny_post_r35,5,3260,1185,2024-01-09,2026-08-25,0.47341772151898737,0.294478527607362,1.6076476793248944,1.5785924872354993,1.7705442902881536,1.7705442902881536,1.7705442902881536,24.712794770583052,56.44631457160797
cny_post_r35,10,3235,1180,2024-01-09,2026-08-18,0.3559322033898305,0.22812982998454404,1.5602177208212762,1.5122575202534487,1.7763440860215056,1.7763440860215054,1.7763440860215054,25.826283460953224,54.534280305890135
cny_post_r35,20,3185,1140,2024-01-09,2026-08-04,0.26842105263157895,0.16577708006279435,1.6191686602870814,1.554508891578581,1.74235807860262,1.74235807860262,1.74235807860262,34.633133640781594,52.234131093937314
cny_post_r35_cd3,1,3280,795,2024-01-09,2026-08-31,0.740880503144654,0.5161585365853658,1.4353739222176405,1.4263651991625874,1.1802757158006363,1.1802757158006363,1.1802757158006363,18.68534978307055,44.28907877202602
cny_post_r35_cd3,3,3270,795,2024-01-09,2026-08-27,0.5371069182389937,0.354434250764526,1.5153922542204568,1.496572587077519,1.1853035143769968,1.1853035143769968,1.1853035143769968,28.308017620230853,53.394454122900946
cny_post_r35_cd3,5,3260,790,2024-01-09,2026-08-25,0.4810126582278481,0.294478527607362,1.6334388185654007,1.6096266817543474,1.1803628601921023,1.1803628601921023,1.1803628601921023,28.853145103106336,55.309149490278436
cny_post_r35_cd3,10,3235,785,2024-01-09,2026-08-18,0.3592356687898089,0.22812982998454404,1.5746983584485525,1.5395445729473456,1.1817204301075268,1.1817204301075268,1.1817204301075268,30.10117165104558,56.44993523582571
cny_post_r35_cd3,20,3185,765,2024-01-09,2026-08-04,0.2627450980392157,0.16577708006279435,1.5849301841948902,1.5447898456628757,1.1692139737991265,1.1692139737991265,1.1692139737991265,37.03594612878944,56.50597800486866
cny_late_r25,1,3280,770,2024-01-09,2026-08-31,0.7662337662337663,0.5161585365853658,1.4844930615751646,1.4745888197190162,1.1431601272534464,1.1431601272534464,1.1431601272534464,15.963707843456714,52.61959415527385
cny_late_r25,3,3270,765,2024-01-09,2026-08-27,0.5424836601307189,0.354434250764526,1.5305621817320543,1.5126867229950176,1.1405750798722045,1.1405750798722045,1.1405750798722045,19.178537759820436,52.11554852516753
cny_late_r25,5,3260,765,2024-01-09,2026-08-25,0.465359477124183,0.294478527607362,1.5802832244008713,1.5629350786730472,1.143009605122732,1.143009605122732,1.143009605122732,20.8172598242811,50.43156840552848
cny_late_r25,10,3235,760,2024-01-09,2026-08-18,0.34210526315789475,0.22812982998454404,1.4996077592354873,1.4613641243409594,1.1440860215053763,1.1440860215053763,1.1440860215053763,18.780041407872183,45.10088577937285
cny_late_r25,20,3185,745,2024-01-09,2026-08-04,0.2644295302013423,0.16577708006279435,1.5950910107789305,1.5109165325462066,1.138646288209607,1.138646288209607,1.138646288209607,21.251869937962386,36.29128138442614
cny_late_r35,1,3280,1100,2024-01-09,2026-08-31,0.6990909090909091,0.5161585365853658,1.354411211942222,1.3512381582120248,1.6330858960763517,1.633085896076352,1.633085896076352,10.152469344824452,35.70865736427957
cny_late_r35,3,3270,1095,2024-01-09,2026-08-27,0.4894977168949772,0.354434250764526,1.3810677603507984,1.3758204866761845,1.6325878594249201,1.6325878594249201,1.6325878594249201,11.08499950297211,34.27095823471622
cny_late_r35,5,3260,1090,2024-01-09,2026-08-25,0.42018348623853213,0.294478527607362,1.4268730886850152,1.4245497529141236,1.6286019210245464,1.6286019210245464,1.6286019210245464,11.207062051015434,30.92643812671235
cny_late_r35,10,3235,1080,2024-01-09,2026-08-18,0.30648148148148147,0.22812982998454404,1.3434520224831878,1.3319373516200108,1.6258064516129032,1.6258064516129032,1.6258064516129032,6.70442365545845,24.26102706567966
cny_late_r35,20,3185,1055,2024-01-09,2026-08-04,0.23222748815165878,0.16577708006279435,1.400841950308775,1.3677044685206323,1.6124454148471614,1.6124454148471614,1.6124454148471614,12.960995671059685,17.487412812001903
cny_late_r35_cd3,1,3280,760,2024-01-09,2026-08-31,0.6736842105263158,0.5161585365853658,1.3051885472689404,1.3056614998110248,1.1283138918345705,1.1283138918345705,1.1283138918345705,12.194360472704657,30.545865100947335
cny_late_r35_cd3,3,3270,755,2024-01-09,2026-08-27,0.45298013245033114,0.354434250764526,1.2780371295190533,1.2802060343748893,1.1256656017039404,1.1256656017039404,1.1256656017039404,15.108053892514226,32.908673423900524
cny_late_r35_cd3,5,3260,755,2024-01-09,2026-08-25,0.3933774834437086,0.294478527607362,1.335844370860927,1.3414850213220713,1.1280683030949838,1.1280683030949838,1.1280683030949838,16.80091599585289,32.3242625222461
cny_late_r35_cd3,10,3235,745,2024-01-09,2026-08-18,0.3006711409395973,0.22812982998454404,1.3179825757989123,1.3200662354359582,1.121505376344086,1.121505376344086,1.121505376344086,14.996321568765513,26.84385453662679
cny_late_r35_cd3,20,3185,730,2024-01-09,2026-08-04,0.22602739726027396,0.16577708006279435,1.3634417808219177,1.3485185122713235,1.1157205240174672,1.1157205240174672,1.1157205240174672,20.700216054072243,20.534185285488622
local_mix_w25_r25,1,3280,868,2024-01-09,2026-08-31,0.8168202764976958,0.5161585365853658,1.5824988227480463,1.5639036845075722,1.2886532343584305,1.1951219512195121,1.440084835630965,17.068937741951526,62.89593752958658
local_mix_w25_r25,3,3270,863,2024-01-09,2026-08-27,0.6129779837775203,0.354434250764526,1.729454708328293,1.6933562232953325,1.286687965921193,1.192758253461129,1.4387646432374868,25.791776303666126,67.68013429757367
local_mix_w25_r25,5,3260,858,2024-01-09,2026-08-25,0.5128205128205128,0.294478527607362,1.7414529914529913,1.7033835263316763,1.2819637139807898,1.1878335112059766,1.4418356456776946,28.99949390639567,67.44902774339445
local_mix_w25_r25,10,3235,853,2024-01-09,2026-08-18,0.40093786635404455,0.22812982998454404,1.7574986418093959,1.6856086734346174,1.2840860215053762,1.189247311827957,1.4451612903225806,31.52066763723977,67.03716374676817
local_mix_w25_r25,20,3185,822,2024-01-09,2026-08-04,0.29318734793187345,0.16577708006279435,1.7685638317481382,1.656214415347502,1.2563318777292574,1.1692139737991265,1.4061135371179039,39.854572653333925,59.77190783444573
local_mix_w25_r35,1,3280,1189,2024-01-09,2026-08-31,0.7645079899074853,0.5161585365853658,1.4811495610729781,1.467666138383077,1.7652173913043476,1.6850477200424177,1.8854718981972427,14.732370413063505,52.170606023802186
local_mix_w25_r35,3,3270,1184,2024-01-09,2026-08-27,0.566722972972973,0.354434250764526,1.5989509246088194,1.5746239316828072,1.7652822151224707,1.6847710330138446,1.8860489882854101,23.062673661044876,56.971427177759985
local_mix_w25_r35,5,3260,1176,2024-01-09,2026-08-25,0.47619047619047616,0.294478527607362,1.6170634920634919,1.5913405415453643,1.75709711846318,1.6734258271077909,1.8826040554962646,26.757311702820623,57.308625991234294
local_mix_w25_r35,10,3235,1169,2024-01-09,2026-08-18,0.360136869118905,0.22812982998454404,1.5786487420049564,1.5313227973245291,1.7597849462365591,1.678494623655914,1.8817204301075268,30.623954779751248,58.50056606162533
local_mix_w25_r35,20,3185,1132,2024-01-09,2026-08-04,0.2667844522968198,0.16577708006279435,1.609296364707142,1.5368322939762047,1.730131004366812,1.650655021834061,1.8340611353711789,39.099633529573175,54.863555717559926
local_mix_w25_r35_cd3,1,3280,759,2024-01-09,2026-08-31,0.7470355731225297,0.5161585365853658,1.4472986886248655,1.4394991032983868,1.1268292682926826,1.1060445387062565,1.1505832449628843,19.9620084683444,48.24332522410628
local_mix_w25_r35_cd3,3,3270,757,2024-01-09,2026-08-27,0.535006605019815,0.354434250764526,1.5094664352155263,1.4944380352958984,1.1286474973375933,1.1033013844515442,1.1554845580404687,30.97556045395969,54.7052244438215
local_mix_w25_r35_cd3,5,3260,754,2024-01-09,2026-08-25,0.46949602122015915,0.294478527607362,1.5943302387267904,1.5772585014623004,1.1265741728922092,1.1056563500533618,1.150480256136606,34.19226121853545,56.10321449728945
local_mix_w25_r35_cd3,10,3235,747,2024-01-09,2026-08-18,0.35475234270414996,0.22812982998454404,1.5550458382763215,1.5251926099635436,1.124516129032258,1.0989247311827957,1.1440860215053763,36.78245079634243,56.352063313995494
local_mix_w25_r35_cd3,20,3185,730,2024-01-09,2026-08-04,0.25205479452054796,0.16577708006279435,1.5204441677044418,1.4752500101239872,1.115720524017467,1.0851528384279476,1.131004366812227,41.40916704184769,52.89512575823606
local_mix_w50_r25,1,3280,884,2024-01-09,2026-08-31,0.7794117647058824,0.5161585365853658,1.5100239741496126,1.4932344868675616,1.312407211028632,1.1654294803817602,1.5217391304347825,16.58644807028424,57.17509326893207
local_mix_w50_r25,3,3270,879,2024-01-09,2026-08-27,0.5847554038680318,0.354434250764526,1.649827584683748,1.6188591958863545,1.3105431309904154,1.1629392971246006,1.5207667731629393,26.739618121141437,63.198803349212405
local_mix_w50_r25,5,3260,874,2024-01-09,2026-08-25,0.4862700228832952,0.294478527607362,1.6512919527078564,1.6190944484456158,1.3058697972251867,1.1579509071504803,1.5240128068303094,30.57677698678827,62.86874438082819
local_mix_w50_r25,10,3235,867,2024-01-09,2026-08-18,0.3748558246828143,0.22812982998454404,1.6431688249985155,1.5830637733394797,1.3051612903225807,1.1666666666666667,1.5129032258064516,34.39034433553387,62.28170218063117
local_mix_w50_r25,20,3185,836,2024-01-09,2026-08-04,0.27751196172248804,0.16577708006279435,1.674006814557054,1.577986539173247,1.2777292576419215,1.1462882096069869,1.467248908296943,43.86089239817501,54.08278025764523
local_mix_w50_r35,1,3280,1205,2024-01-09,2026-08-31,0.7452282157676349,0.5161585365853658,1.443797133914851,1.432806119061124,1.7889713679745491,1.6702014846235418,1.9448568398727464,14.187053136127862,47.33425456554168
local_mix_w50_r35,3,3270,1200,2024-01-09,2026-08-27,0.5525,0.354434250764526,1.5588222605694564,1.5388117212438566,1.7891373801916934,1.6698615548455804,1.9456869009584665,22.962390698563784,52.733706724606755
local_mix_w50_r35,5,3260,1193,2024-01-09,2026-08-25,0.46353730092204526,0.294478527607362,1.5740954177144453,1.5535698502821997,1.782497331910352,1.6584845250800426,1.9498399146211312,27.801458769056595,53.797084688050155
local_mix_w50_r35,10,3235,1184,2024-01-09,2026-08-18,0.3547297297297297,0.22812982998454404,1.5549467150076905,1.515181872037182,1.7823655913978496,1.6634408602150537,1.9419354838709677,32.9565097008667,55.55470425760758
local_mix_w50_r35,20,3185,1149,2024-01-09,2026-08-04,0.26457789382071367,0.16577708006279435,1.5959859693541156,1.53174461237695,1.7561135371179037,1.6430131004366813,1.8951965065502183,42.359288217085606,53.27605759238529
local_mix_w50_r35_cd3,1,3280,751,2024-01-09,2026-08-31,0.7336884154460719,0.5161585365853658,1.4214400488264123,1.4132588902344665,1.114952279957582,1.0911983032873807,1.1357370095440085,18.72614133042929,44.04030303052335
local_mix_w50_r35_cd3,3,3270,749,2024-01-09,2026-08-27,0.5260347129506008,0.354434250764526,1.4841531590582093,1.4672425090374954,1.116719914802982,1.08839190628328,1.1405750798722045,29.092073440623896,50.64084291601905
local_mix_w50_r35_cd3,5,3260,746,2024-01-09,2026-08-25,0.4597855227882037,0.294478527607362,1.5613550044682751,1.5417367658365573,1.1146211312700107,1.0907150480256136,1.135538954108858,32.980462502362535,52.5424854687214
local_mix_w50_r35_cd3,10,3235,739,2024-01-09,2026-08-18,0.35182679296346414,0.22812982998454404,1.5422217821636945,1.5076223314503705,1.11247311827957,1.0838709677419354,1.1365591397849462,36.33097207202988,54.21998999783577
local_mix_w50_r35_cd3,20,3185,722,2024-01-09,2026-08-04,0.25346260387811637,0.16577708006279435,1.5289363510450769,1.4760785679180164,1.1034934497816593,1.0698689956331877,1.131004366812227,42.160401113596166,52.22663565416874
local_mix_w100_r25,1,3280,892,2024-01-09,2026-08-31,0.7387892376681614,0.5161585365853658,1.4313223269648965,1.4184269718129345,1.3242841993637329,1.1951219512195121,1.5737009544008482,14.271892577453746,45.5868747673893
local_mix_w100_r25,3,3270,889,2024-01-09,2026-08-27,0.547806524184477,0.354434250764526,1.545580098432476,1.5214519724357725,1.3254526091586796,1.192758253461129,1.5804046858359957,23.781057839964454,52.52717982458504
local_mix_w100_r25,5,3260,884,2024-01-09,2026-08-25,0.45701357466063347,0.294478527607362,1.551941930618401,1.527690846924501,1.320811099252935,1.1878335112059766,1.5837780149413019,29.380165604428196,55.53465433122697
local_mix_w100_r25,10,3235,873,2024-01-09,2026-08-18,0.3550973654066438,0.22812982998454404,1.556558234539963,1.5112605037736626,1.3141935483870966,1.196774193548387,1.5655913978494622,37.45327096431803,59.42116534570508
local_mix_w100_r25,20,3185,845,2024-01-09,2026-08-04,0.26627218934911245,0.16577708006279435,1.606206293706294,1.529397049925489,1.2914847161572052,1.1768558951965065,1.5207423580786026,49.79530364644675,56.8450825932489
local_mix_w100_r35,1,3280,1191,2024-01-09,2026-08-31,0.7019311502938707,0.5161585365853658,1.3599138647158275,1.3499240392919032,1.7681866383881228,1.633085896076352,1.9448568398727464,12.057362997568896,37.61236343212546
local_mix_w100_r35,3,3270,1188,2024-01-09,2026-08-27,0.5168350168350169,0.354434250764526,1.4581971570755006,1.439990270617699,1.7712460063897766,1.6325878594249201,1.9531416400425985,19.998764865171594,42.17659684559542
local_mix_w100_r35,5,3260,1181,2024-01-09,2026-08-25,0.43014394580863674,0.294478527607362,1.4606971493084955,1.4419428987820084,1.7645677694770545,1.6211312700106724,1.9573105656350054,25.107397949736832,43.745421847951455
local_mix_w100_r35,10,3235,1170,2024-01-09,2026-08-18,0.33247863247863246,0.22812982998454404,1.4574097236698862,1.4217092813002556,1.7612903225806449,1.6333333333333333,1.9419354838709677,32.40521997495745,47.7147490187515
local_mix_w100_r35,20,3185,1139,2024-01-09,2026-08-04,0.25197541703248466,0.16577708006279435,1.5199653470614842,1.4601056329720428,1.740829694323144,1.6124454148471614,1.9028384279475983,44.35692959657143,48.87246255754485
local_mix_w100_r35_cd3,1,3280,718,2024-01-09,2026-08-31,0.6894150417827298,0.5161585365853658,1.335665290636358,1.3306378511582129,1.0659597030752916,0.9798515376458112,1.1357370095440085,15.939831828331311,35.906037304723604
local_mix_w100_r35_cd3,3,3270,717,2024-01-09,2026-08-27,0.499302649930265,0.354434250764526,1.4087313764210239,1.3960570167410276,1.0690095846645369,0.9840255591054313,1.1405750798722045,24.93851643936628,41.256382394994525
local_mix_w100_r35_cd3,5,3260,714,2024-01-09,2026-08-25,0.42857142857142855,0.294478527607362,1.4553571428571426,1.441401943359978,1.066808964781217,0.9861259338313767,1.135538954108858,29.52537999265202,43.440612696224065
local_mix_w100_r35_cd3,10,3235,708,2024-01-09,2026-08-18,0.3220338983050847,0.22812982998454404,1.4116255569335354,1.3866838764765892,1.0658064516129033,0.978494623655914,1.1365591397849462,34.73869177722054,46.768532501491876
local_mix_w100_r35_cd3,20,3185,692,2024-01-09,2026-08-04,0.2384393063583815,0.16577708006279435,1.4383128612716765,1.3989249070846739,1.0576419213973798,0.962882096069869,1.131004366812227,43.123786812325726,46.662979545158734
cny_cbr_w25_r25,1,3280,848,2024-01-09,2026-08-31,0.8101415094339622,0.5161585365853658,1.5695594512365012,1.5540643642099274,1.2589607635206785,1.23966065747614,1.2767762460233296,1.1287677658913935,62.9778593328086
cny_cbr_w25_r25,3,3270,843,2024-01-09,2026-08-27,0.594306049822064,0.354434250764526,1.6767737557533644,1.6459971946872245,1.2568690095846644,1.2374866879659212,1.2747603833865815,4.0822156796033635,69.73025711119145
cny_cbr_w25_r25,5,3260,838,2024-01-09,2026-08-25,0.4964200477326969,0.294478527607362,1.6857597454256164,1.6536203752156393,1.2520811099252933,1.2326574172892208,1.270010672358591,6.128208111822602,71.20419191833395
cny_cbr_w25_r25,10,3235,833,2024-01-09,2026-08-18,0.368547418967587,0.22812982998454404,1.6155161251492467,1.5593507268642506,1.2539784946236558,1.2344086021505376,1.272043010752688,7.841615221226094,73.41891339651576
cny_cbr_w25_r25,20,3185,800,2024-01-09,2026-08-04,0.26875,0.16577708006279435,1.6211529356060606,1.5414960569525333,1.2227074235807858,1.207423580786026,1.237991266375546,16.57586378352919,64.52749413613648
cny_cbr_w25_r35,1,3280,1152,2024-01-09,2026-08-31,0.7760416666666666,0.5161585365853658,1.5034947824374878,1.4893847703533976,1.7102863202545067,1.6776246023329797,1.7370095440084834,0.9563496708254946,52.885390153353995
cny_cbr_w25_r35,3,3270,1147,2024-01-09,2026-08-27,0.5571054925893636,0.354434250764526,1.5718161870295244,1.5447559263509365,1.7101171458998938,1.6773162939297126,1.736954206602769,3.5358495767475375,58.46857797686726
cny_cbr_w25_r35,5,3260,1137,2024-01-09,2026-08-25,0.46613896218117856,0.294478527607362,1.582930225740252,1.552968994790387,1.6988260405549624,1.6659551760939166,1.7257203842049091,5.707863425940137,59.64060614934309
cny_cbr_w25_r35,10,3235,1132,2024-01-09,2026-08-18,0.3454063604240283,0.22812982998454404,1.5140780162218586,1.465612550894815,1.7040860215053761,1.6709677419354838,1.7311827956989247,6.83235588859686,62.35163532891256
cny_cbr_w25_r35,20,3185,1088,2024-01-09,2026-08-04,0.25183823529411764,0.16577708006279435,1.5191378397950088,1.4599886092206897,1.662882096069869,1.6277292576419213,1.6965065502183405,13.784690881641374,57.95133772146741
cny_cbr_w25_r35_cd3,1,3280,751,2024-01-09,2026-08-31,0.7576564580559254,0.5161585365853658,1.4678754769187452,1.4590030090026431,1.1149522799575824,1.0763520678685048,1.1505832449628843,3.2231280656688615,48.991905074131076
cny_cbr_w25_r35_cd3,3,3270,751,2024-01-09,2026-08-27,0.5193075898801598,0.354434250764526,1.465173269118311,1.4485172492354572,1.1197018104366347,1.0809371671991481,1.1554845580404687,11.45290879060039,52.47047927245977
cny_cbr_w25_r35_cd3,5,3260,746,2024-01-09,2026-08-25,0.450402144772118,0.294478527607362,1.529490616621984,1.5102592753161823,1.1146211312700107,1.0757737459978656,1.150480256136606,14.49633662966535,54.262300578125725
cny_cbr_w25_r35_cd3,10,3235,741,2024-01-09,2026-08-18,0.3360323886639676,0.22812982998454404,1.472987503154384,1.4420506298453049,1.115483870967742,1.0763440860215054,1.1516129032258065,16.088406146800768,56.621251618775744
cny_cbr_w25_r35_cd3,20,3185,721,2024-01-09,2026-08-04,0.24133148404993066,0.16577708006279435,1.4557590467784642,1.4176698278138498,1.1019650655021835,1.0622270742358078,1.138646288209607,25.079354566969272,56.03661935849484
cbr_hist_r25,1,3280,614,2024-01-09,2026-08-31,0.5749185667752443,0.5161585365853658,1.1138410508108691,1.1256378910757696,0.9115588547189819,0.8388123011664899,0.9650053022269353,-7.908694850912141,8.889229863130007
cbr_hist_r25,3,3270,614,2024-01-09,2026-08-27,0.4169381107491857,0.354434250764526,1.1763482503449847,1.2005899521925771,0.9154419595314165,0.8423855165069223,0.9691160809371673,-0.009248199683717997,16.62994113739938
cbr_hist_r25,5,3260,614,2024-01-09,2026-08-25,0.3534201954397394,0.294478527607362,1.2001560803474483,1.2280949427550305,0.9173959445037353,0.8441835645677694,0.9711846318036286,4.95228032075119,23.552227842749797
cbr_hist_r25,10,3235,614,2024-01-09,2026-08-18,0.2996742671009772,0.22812982998454404,1.3136128103952052,1.3604309790124285,0.9243010752688171,0.8505376344086021,0.978494623655914,11.504105634361693,38.02173879718201
cbr_hist_r25,20,3185,606,2024-01-09,2026-08-04,0.22607260726072606,0.16577708006279435,1.3637144964496448,1.4351144263748854,0.9262008733624455,0.8558951965065502,0.9781659388646288,28.79984329464284,64.4490201780481
cbr_hist_r35,1,3280,921,2024-01-09,2026-08-31,0.5548317046688382,0.5161585365853658,1.074924980102652,1.0852215486847097,1.3673382820784727,1.2619300106044538,1.447507953340403,-7.082039199709451,7.140347143676548
cbr_hist_r35,3,3270,921,2024-01-09,2026-08-27,0.3952225841476656,0.354434250764526,1.1150801123061833,1.1341256944867575,1.3731629392971245,1.2673056443024495,1.453674121405751,-1.0255669814077724,13.716822140702773
cbr_hist_r35,5,3260,921,2024-01-09,2026-08-25,0.3355048859934853,0.294478527607362,1.1393186753528772,1.1605546536095095,1.376093916755603,1.270010672358591,1.4567769477054429,3.539900993942397,20.072974924371774
cbr_hist_r35,10,3235,921,2024-01-09,2026-08-18,0.28013029315960913,0.22812982998454404,1.2279424097172569,1.2633280343102353,1.3864516129032256,1.2795698924731183,1.467741935483871,10.339198473407444,32.51676486144218
cbr_hist_r35,20,3185,902,2024-01-09,2026-08-04,0.20620842572062084,0.16577708006279435,1.2438898407579118,1.3044646921409384,1.3786026200873365,1.2685589519650655,1.4519650655021834,28.090526577951376,56.951072555678
cbr_hist_r35_cd3,1,3280,544,2024-01-09,2026-08-31,0.5514705882352942,0.5161585365853658,1.0684131892568016,1.076964464293708,0.8076352067868504,0.7497348886532343,0.8462354188759278,-8.198614603956996,7.651294897022046
cbr_hist_r35_cd3,3,3270,544,2024-01-09,2026-08-27,0.36580882352941174,0.354434250764526,1.0320921940821193,1.047065525540706,0.8110756123535676,0.7529286474973376,0.8498402555910544,1.296035853946571,15.171801896278907
cbr_hist_r35_cd3,5,3260,544,2024-01-09,2026-08-25,0.31985294117647056,0.294478527607362,1.0861672794117645,1.103851055571402,0.8128068303094984,0.7545357524012807,0.8516542155816436,5.578896546414352,21.812121383800633
cbr_hist_r35_cd3,10,3235,544,2024-01-09,2026-08-18,0.25735294117647056,0.22812982998454404,1.1280985971624422,1.155135147002984,0.8189247311827957,0.7602150537634408,0.8580645161290322,12.208620381929236,33.270315776465516
cbr_hist_r35_cd3,20,3185,533,2024-01-09,2026-08-04,0.18386491557223264,0.16577708006279435,1.109109386548411,1.1524741793426094,0.8146288209606988,0.7489082969432315,0.8558951965065502,28.35175221121376,55.72214019863992
market_hist_r25,1,3280,726,2024-01-09,2026-08-31,0.8360881542699724,0.5161585365853658,1.6198282020115238,1.606769359837602,1.077836691410392,1.0689289501590666,1.0911983032873807,12.693888184725884,62.11538657614672
market_hist_r25,3,3270,721,2024-01-09,2026-08-27,0.6490984743411928,0.354434250764526,1.831364979375065,1.8031733754022856,1.0749733759318423,1.066027689030884,1.08839190628328,25.060622634656006,73.57508745992864
market_hist_r25,5,3260,721,2024-01-09,2026-08-25,0.5409153952843273,0.294478527607362,1.8368585298196947,1.8052844126855219,1.0772678762006405,1.0683030949839913,1.0907150480256136,29.58440211223698,78.13869071541362
market_hist_r25,10,3235,721,2024-01-09,2026-08-18,0.4077669902912621,0.22812982998454404,1.7874338937564134,1.7317226084327662,1.0853763440860216,1.0763440860215054,1.0989247311827957,34.006722107017794,85.70091392562081
market_hist_r25,20,3185,700,2024-01-09,2026-08-04,0.33,0.16577708006279435,1.990625,1.906721050905839,1.0698689956331877,1.0622270742358078,1.0851528384279476,50.22631228882832,106.14875293761361
market_hist_r35,1,3280,1052,2024-01-09,2026-08-31,0.7880228136882129,0.5161585365853658,1.5267069278779317,1.5161481816223974,1.5618239660657474,1.5068928950159066,1.625662778366914,10.265433842533852,51.64216116861858
market_hist_r35,3,3270,1047,2024-01-09,2026-08-27,0.5835721107927412,0.354434250764526,1.64648904425562,1.6266145136269805,1.5610223642172525,1.5058572949946751,1.6251331203407882,18.682046563833236,58.26274646460456
market_hist_r35,5,3260,1042,2024-01-09,2026-08-25,0.4884836852207294,0.294478527607362,1.65880918106206,1.6358627870880322,1.5568836712913554,1.5016008537886874,1.6211312700106724,22.356855359337,58.80799982604575
market_hist_r35,10,3235,1037,2024-01-09,2026-08-18,0.36837029893924783,0.22812982998454404,1.6147397250250228,1.5788764426436996,1.5610752688172043,1.5053763440860215,1.6258064516129032,23.935139508796087,60.711866799477875
market_hist_r35,20,3185,1011,2024-01-09,2026-08-04,0.2898120672601385,0.16577708006279435,1.7482034739082217,1.7032829125193991,1.545196506550218,1.490174672489083,1.6124454148471614,34.97937184185178,72.65338136247254
market_hist_r35_cd3,1,3280,709,2024-01-09,2026-08-31,0.7729196050775741,0.5161585365853658,1.497446133877403,1.4878557430346013,1.0525980911983033,1.009544008483563,1.0689289501590666,14.75263380506926,50.921466582713855
market_hist_r35_cd3,3,3270,709,2024-01-09,2026-08-27,0.5557122708039492,0.354434250764526,1.5678853542095892,1.548539972640327,1.0570820021299254,1.0138445154419595,1.073482428115016,28.236001109944254,58.35703578938532
market_hist_r35_cd3,5,3260,704,2024-01-09,2026-08-25,0.4928977272727273,0.294478527607362,1.6737985321969697,1.6501066715553154,1.0518676627534684,1.0085378868729988,1.0683030949839913,32.569964204039664,60.397429753449096
market_hist_r35_cd3,10,3235,699,2024-01-09,2026-08-18,0.36337625178826893,0.22812982998454404,1.5928484749797427,1.558854558763386,1.052258064516129,1.0086021505376344,1.0688172043010753,34.2881466126168,63.0790001158652
market_hist_r35_cd3,20,3185,685,2024-01-09,2026-08-04,0.27153284671532846,0.16577708006279435,1.6379396151293961,1.5983665854595555,1.046943231441048,1.0010917030567685,1.0622270742358078,42.773782855107015,71.78444253270717
market_logit_r25,1,3280,1019,2024-01-09,2026-08-31,0.7340529931305201,0.5161585365853658,1.4221463777129983,1.389028441464183,1.5128313891834568,1.417815482502651,1.633085896076352,8.65573868624571,46.580521603299
market_logit_r25,3,3270,1014,2024-01-09,2026-08-27,0.5581854043392505,0.354434250764526,1.574863047618075,1.4999241576363977,1.5118210862619808,1.4164004259850906,1.6325878594249201,14.409715163314416,55.28671832285681
market_logit_r25,5,3260,1007,2024-01-09,2026-08-25,0.4657398212512413,0.294478527607362,1.5815748096656734,1.488123396407501,1.504589114194237,1.4119530416221984,1.6211312700106724,16.622404988617316,60.44938528034589
market_logit_r25,10,3235,1000,2024-01-09,2026-08-18,0.375,0.22812982998454404,1.64380081300813,1.5068534576320707,1.5053763440860215,1.4150537634408602,1.6258064516129032,24.249387162206894,73.52473607347109
market_logit_r25,20,3185,965,2024-01-09,2026-08-04,0.277720207253886,0.16577708006279435,1.6752629926205056,1.5321818229917814,1.474890829694323,1.3755458515283843,1.5895196506550218,40.5911769420299,90.20705453879116
market_logit_r35,1,3280,1375,2024-01-09,2026-08-31,0.6989090909090909,0.5161585365853658,1.35405895935134,1.325308140158832,2.04135737009544,1.9077412513255567,2.1601272534464475,7.501374781055517,37.692865949150764
market_logit_r35,3,3270,1370,2024-01-09,2026-08-27,0.5204379562043796,0.354434250764526,1.468362482129699,1.4063423921614975,2.042598509052183,1.9084132055378062,2.1618743343982962,13.34373161626201,45.4027818861575
market_logit_r35,5,3260,1362,2024-01-09,2026-08-25,0.43171806167400884,0.294478527607362,1.466042584434655,1.3883269003816097,2.0350053361792955,1.9050160085378869,2.151547491995731,15.829433632738795,50.883757319731366
market_logit_r35,10,3235,1353,2024-01-09,2026-08-18,0.3370288248337029,0.22812982998454404,1.4773553500501746,1.3671203972003647,2.036774193548387,1.9043010752688172,2.152688172043011,22.346350835180782,62.52658531697112
market_logit_r35,20,3185,1313,2024-01-09,2026-08-04,0.25666412795125665,0.16577708006279435,1.5482485748574857,1.424709884020505,2.006768558951965,1.8875545851528384,2.1244541484716155,36.201244490553066,77.82863980439207
market_logit_r35_cd3,1,3280,781,2024-01-09,2026-08-31,0.6850192061459667,0.5161585365853658,1.3271488459295753,1.3073513055202428,1.15949098621421,1.1134676564156945,1.209968186638388,13.167670290738172,39.785460494576796
market_logit_r35_cd3,3,3270,781,2024-01-09,2026-08-27,0.5032010243277849,0.354434250764526,1.4197302412009116,1.3775450168356052,1.1644302449414272,1.1182108626198084,1.215122470713525,22.91642185764775,47.807298626773814
market_logit_r35_cd3,5,3260,776,2024-01-09,2026-08-25,0.43556701030927836,0.294478527607362,1.479112972508591,1.4244453931074648,1.159445037353255,1.1131270010672358,1.2102454642475986,26.174280802872254,53.750172926420035
market_logit_r35_cd3,10,3235,767,2024-01-09,2026-08-18,0.3259452411994785,0.22812982998454404,1.4287708066128901,1.3538810165441535,1.1546236559139784,1.1064516129032258,1.2043010752688172,31.044438737460926,63.113092857717874
market_logit_r35_cd3,20,3185,749,2024-01-09,2026-08-04,0.24566088117489987,0.16577708006279435,1.4818748229963183,1.397573293366714,1.144759825327511,1.0927947598253274,1.1997816593886463,42.60431583749643,75.98724837475436
market_extra_r25,1,3280,784,2024-01-09,2026-08-31,0.8558673469387755,0.5161585365853658,1.658148197258821,1.6448038383236994,1.1639448568398727,1.1357370095440085,1.20254506892895,14.062929101709125,68.2021259360694
market_extra_r25,3,3270,779,2024-01-09,2026-08-27,0.6444159178433889,0.354434250764526,1.818153624976602,1.7942375661375762,1.1614483493077743,1.1331203407880726,1.200212992545261,22.765530023302976,81.49655773989683
market_extra_r25,5,3260,775,2024-01-09,2026-08-25,0.5496774193548387,0.294478527607362,1.8666129032258063,1.839595491388988,1.15795090715048,1.1280683030949838,1.1953041622198506,25.717537864472412,86.6774972922914
market_extra_r25,10,3235,770,2024-01-09,2026-08-18,0.42597402597402595,0.22812982998454404,1.8672438672438672,1.8197965596080783,1.1591397849462364,1.129032258064516,1.196774193548387,30.21905479464151,91.80737381630098
market_extra_r25,20,3185,746,2024-01-09,2026-08-04,0.31769436997319034,0.16577708006279435,1.9163950158420668,1.8486906518871333,1.1401746724890827,1.1080786026200873,1.1844978165938864,39.861279231225225,90.44549153278716
market_extra_r35,1,3280,1081,2024-01-09,2026-08-31,0.7964847363552267,0.5161585365853658,1.543100965886086,1.5419885608906665,1.6048780487804877,1.5737009544008482,1.647932131495228,11.4662744388948,56.16341348779741
market_extra_r35,3,3270,1076,2024-01-09,2026-08-27,0.5864312267657993,0.354434250764526,1.6545557476481136,1.6554291646201098,1.6042598509052184,1.5729499467518637,1.6474973375931843,18.819308267556515,64.29493863919805
market_extra_r35,5,3260,1071,2024-01-09,2026-08-25,0.49859943977591037,0.294478527607362,1.6931605975723623,1.6964276078019205,1.600213447171825,1.5688367129135539,1.6435432230522946,22.116443302319936,67.14221810678991
market_extra_r35,10,3235,1066,2024-01-09,2026-08-18,0.37429643527204504,0.22812982998454404,1.6407167589499536,1.6390016935111043,1.604731182795699,1.5731182795698924,1.6483870967741936,25.377138696426837,71.045913484219
market_extra_r35,20,3185,1038,2024-01-09,2026-08-04,0.28034682080924855,0.16577708006279435,1.6911072429497285,1.6839525107723528,1.58646288209607,1.5513100436681222,1.6353711790393013,29.771397507942382,71.87234995538694
market_extra_r35_cd3,1,3280,738,2024-01-09,2026-08-31,0.7940379403794038,0.5161585365853658,1.5383605696659448,1.5347005741045487,1.0956521739130434,1.0837751855779427,1.1060445387062565,18.131078833635275,57.252691843463104
market_extra_r35_cd3,3,3270,738,2024-01-09,2026-08-27,0.55420054200542,0.354434250764526,1.5636201659687001,1.557332005573944,1.1003194888178913,1.08839190628328,1.1107561235356762,29.300311184663926,64.19945647565436
market_extra_r35_cd3,5,3260,733,2024-01-09,2026-08-25,0.504774897680764,0.294478527607362,1.714131423374261,1.7064450087982077,1.095197438633938,1.0832443970117396,1.1056563500533618,32.58440060007836,67.60649182737306
market_extra_r35_cd3,10,3235,728,2024-01-09,2026-08-18,0.36813186813186816,0.22812982998454404,1.6136945710116444,1.6021629960899926,1.0959139784946237,1.0838709677419354,1.1064516129032258,34.64748910352742,71.16060550173454
market_extra_r35_cd3,20,3185,713,2024-01-09,2026-08-04,0.2650771388499299,0.16577708006279435,1.59899751370649,1.5862117607554678,1.0897379912663756,1.0775109170305677,1.1004366812227073,37.52093009250586,70.65446906992194
multi_hist_r25,1,3280,678,2024-01-09,2026-08-31,0.8510324483775811,0.5161585365853658,1.6487811167622364,1.6361447737736265,1.006574761399788,0.9872746553552492,1.039236479321315,13.144213658876655,63.33132135552283
multi_hist_r25,3,3270,677,2024-01-09,2026-08-27,0.6514032496307238,0.354434250764526,1.837867667206615,1.8097330008850911,1.0093716719914803,0.9914802981895634,1.0436634717784878,23.22279805115273,72.28522866739839
multi_hist_r25,5,3260,676,2024-01-09,2026-08-25,0.5399408284023669,0.294478527607362,1.833549063116371,1.8021937459350466,1.010032017075774,0.9861259338313767,1.0458911419423693,26.862900132931323,77.23859749028676
multi_hist_r25,10,3235,676,2024-01-09,2026-08-18,0.41863905325443784,0.22812982998454404,1.8350912429242636,1.7785565081071764,1.0176344086021505,0.9935483870967742,1.053763440860215,34.33492091616423,88.84000721614711
multi_hist_r25,20,3185,656,2024-01-09,2026-08-04,0.32164634146341464,0.16577708006279435,1.9402340862897267,1.8564716118708258,1.0026200873362445,0.9781659388646288,1.039301310043668,53.91896494264906,101.75958571975127
multi_hist_r35,1,3280,996,2024-01-09,2026-08-31,0.7901606425702812,0.5161585365853658,1.5308487345720747,1.5199727932694442,1.4786850477200422,1.417815482502651,1.5588547189819724,11.406353921936663,52.28204623166947
multi_hist_r35,3,3270,992,2024-01-09,2026-08-27,0.5877016129032258,0.354434250764526,1.6581400122463745,1.6372213026829332,1.4790202342918,1.4238551650692226,1.5580404685835996,19.462835307973084,60.17703060009844
multi_hist_r35,5,3260,987,2024-01-09,2026-08-25,0.48226950354609927,0.294478527607362,1.637706855791962,1.6146893774272264,1.4747065101387409,1.4194236926360726,1.5538954108858056,22.54124103977292,63.15037946400871
multi_hist_r35,10,3235,987,2024-01-09,2026-08-18,0.3708206686930091,0.22812982998454404,1.6254808444740982,1.5858109725885106,1.4858064516129033,1.4301075268817205,1.5655913978494622,29.28434975569034,68.67733893220183
multi_hist_r35,20,3185,962,2024-01-09,2026-08-04,0.2817047817047817,0.16577708006279435,1.6992987305487306,1.643069604000212,1.470305676855895,1.4137554585152838,1.5436681222707422,45.34395874670233,76.51608961067235
multi_hist_r35_cd3,1,3280,678,2024-01-09,2026-08-31,0.7743362831858407,0.5161585365853658,1.5001907908148597,1.4938256617446846,1.0065747613997877,0.9724284199363732,1.031813361611877,16.20292848042439,52.81321136287829
multi_hist_r35_cd3,3,3270,678,2024-01-09,2026-08-27,0.5678466076696165,0.354434250764526,1.6021211450212647,1.5879869654183836,1.0108626198083068,0.9765708200212992,1.0362087326943556,28.94707232440731,61.0765653123151
multi_hist_r35_cd3,5,3260,673,2024-01-09,2026-08-25,0.4947994056463596,0.294478527607362,1.6802563150074294,1.6634375916094437,1.0055496264674493,0.9711846318036286,1.030949839914621,33.36917644923358,65.37817188042266
multi_hist_r35_cd3,10,3235,673,2024-01-09,2026-08-18,0.3774145616641902,0.22812982998454404,1.6543849688125412,1.6273264069307536,1.0131182795698925,0.978494623655914,1.0387096774193547,39.938873452094064,70.143268716193
multi_hist_r35_cd3,20,3185,659,2024-01-09,2026-08-04,0.2716236722306525,0.16577708006279435,1.6384874925277049,1.6079036747641466,1.0072052401746725,0.9705240174672489,1.0316593886462881,53.417960597556814,74.50865786434636
floor_quantile_r25,1,3280,811,2024-01-09,2026-08-31,0.689272503082614,0.5161585365853658,1.3353891376910656,1.331107350765161,1.2040296924708378,1.0540827147401908,1.3361611876988335,4.3819056574254045,33.9266339055859
floor_quantile_r25,3,3270,811,2024-01-09,2026-08-27,0.5080147965474723,0.354434250764526,1.4333118073427389,1.418245463846188,1.2091586794462195,1.058572949946752,1.34185303514377,13.517458167169163,47.80036266976111
floor_quantile_r25,5,3260,811,2024-01-09,2026-08-25,0.4254007398273736,0.294478527607362,1.444590012330456,1.4271009096580032,1.2117395944503735,1.0608324439701173,1.3447171824973319,19.58827518384129,54.86400287770425
floor_quantile_r25,10,3235,811,2024-01-09,2026-08-18,0.33908754623921084,0.22812982998454404,1.4863796911705245,1.4515612292678117,1.2208602150537633,1.0688172043010753,1.3548387096774193,32.21073253730708,68.68815980633575
floor_quantile_r25,20,3185,809,2024-01-09,2026-08-04,0.25092707045735474,0.16577708006279435,1.5136415140277932,1.4502481775683451,1.23646288209607,1.0851528384279476,1.3755458515283843,56.65478386109706,95.36229109418889
floor_quantile_r35,1,3280,1102,2024-01-09,2026-08-31,0.6451905626134301,0.5161585365853658,1.2499852601134382,1.2442328972819068,1.6360551431601273,1.588547189819724,1.6998939554612937,3.9718614058112927,26.81158594200409
floor_quantile_r35,3,3270,1102,2024-01-09,2026-08-27,0.4727767695099819,0.354434250764526,1.3338913169090947,1.3197096345318344,1.6430244941427048,1.5953141640042598,1.7071352502662407,12.334675079618519,37.465098820396456
floor_quantile_r35,5,3260,1102,2024-01-09,2026-08-25,0.39473684210526316,0.294478527607362,1.3404605263157894,1.3236581771495937,1.6465314834578444,1.5987193169690501,1.7107790821771611,17.804282550645183,43.02010353058219
floor_quantile_r35,10,3235,1099,2024-01-09,2026-08-18,0.3093721565059145,0.22812982998454404,1.3561232063640019,1.3259524435562475,1.6544086021505375,1.6107526881720429,1.7161290322580645,28.372738100259113,53.50217641496431
floor_quantile_r35,20,3185,1089,2024-01-09,2026-08-04,0.22681359044995408,0.16577708006279435,1.3681842529983026,1.3174433385810613,1.664410480349345,1.6277292576419213,1.7270742358078601,50.10690028794143,77.06491236617885
floor_quantile_r35_cd3,1,3280,626,2024-01-09,2026-08-31,0.5910543130990416,0.5161585365853658,1.1451022722769382,1.1391673514703586,0.9293743372216332,0.8833510074231177,0.9575821845174973,3.296457583218494,22.816407888518942
floor_quantile_r35_cd3,3,3270,626,2024-01-09,2026-08-27,0.4185303514376997,0.354434250764526,1.1808405946516634,1.168990767164664,0.9333333333333333,0.8871139510117146,0.9616613418530352,14.281663812517813,32.7615537158966
floor_quantile_r35_cd3,5,3260,626,2024-01-09,2026-08-25,0.37859424920127793,0.294478527607362,1.2856429712460062,1.2694170215227156,0.9353255069370331,0.8890074706510138,0.9637139807897545,19.766009738733754,37.78987114723189
floor_quantile_r35_cd3,10,3235,623,2024-01-09,2026-08-18,0.27768860353130015,0.22812982998454404,1.2172393393275827,1.1922732174469712,0.9378494623655913,0.8956989247311827,0.9709677419354839,27.14906615462266,41.98592243371619
floor_quantile_r35_cd3,20,3185,620,2024-01-09,2026-08-04,0.1870967741935484,0.16577708006279435,1.1286045943304008,1.09066067912094,0.9475982532751092,0.9017467248908296,0.9858078602620087,44.737016393841856,60.824756721682476
local_ridge_r25,1,3280,885,2024-01-09,2026-08-31,0.7073446327683616,0.5161585365853658,1.37040188746617,1.3453039911806262,1.3138918345705195,1.2545068928950158,1.417815482502651,8.35801510984074,40.709491010206044
local_ridge_r25,3,3270,880,2024-01-09,2026-08-27,0.5329545454545455,0.354434250764526,1.5036767589614872,1.4456970441828407,1.3120340788072418,1.2523961661341854,1.4164004259850906,14.33702838349454,54.304910349230624
local_ridge_r25,5,3260,871,2024-01-09,2026-08-25,0.45464982778415614,0.294478527607362,1.5439150401836967,1.4731046258308838,1.3013874066168623,1.2401280683030949,1.4044823906083244,16.500941359366244,61.26000304185528
local_ridge_r25,10,3235,868,2024-01-09,2026-08-18,0.37442396313364057,0.22812982998454404,1.6412757733568122,1.5339087667845672,1.3066666666666666,1.249462365591398,1.40752688172043,22.683399239715218,80.91207718552582
local_ridge_r25,20,3185,829,2024-01-09,2026-08-04,0.28347406513872137,0.16577708006279435,1.7099713967174763,1.5886744563649842,1.2670305676855895,1.222707423580786,1.3526200873362444,35.34381386698409,100.18790129065525
local_ridge_r35,1,3280,1206,2024-01-09,2026-08-31,0.6650082918739635,0.5161585365853658,1.2883799157392797,1.2713897145750022,1.7904559915164366,1.6405090137857898,1.9597030752916225,7.021030118261643,33.3292796436391
local_ridge_r35,3,3270,1199,2024-01-09,2026-08-27,0.4945788156797331,0.354434250764526,1.3954035610636129,1.3561012607412173,1.7876464323748666,1.6400425985090523,1.9531416400425985,11.295923312162602,43.77885673001379
local_ridge_r35,5,3260,1189,2024-01-09,2026-08-25,0.41042893187552565,0.294478527607362,1.3937482478273058,1.3473204639370577,1.7765208110992528,1.6286019210245464,1.9423692636072571,13.402053422075028,49.95253938472312
local_ridge_r35,10,3235,1182,2024-01-09,2026-08-18,0.3299492385786802,0.22812982998454404,1.4463222043387947,1.3775396792035148,1.7793548387096778,1.6333333333333333,1.9268817204301074,18.37600114800426,64.8247535812574
local_ridge_r35,20,3185,1139,2024-01-09,2026-08-04,0.2467076382791923,0.16577708006279435,1.4881890680288399,1.4122677882902706,1.740829694323144,1.5818777292576418,1.8799126637554584,28.777573332065767,78.79243133237786
local_ridge_r35_cd3,1,3280,621,2024-01-09,2026-08-31,0.6570048309178744,0.5161585365853658,1.2728740965213399,1.262047675606919,0.921951219512195,0.8462354188759278,1.016967126193001,12.877757942686506,35.14021068756659
local_ridge_r35_cd3,3,3270,619,2024-01-09,2026-08-27,0.4927302100161551,0.354434250764526,1.3901879091913951,1.3627904083966802,0.9228966986155486,0.8498402555910544,1.0138445154419595,18.311933037284366,47.3416620530115
local_ridge_r35_cd3,5,3260,614,2024-01-09,2026-08-25,0.4234527687296417,0.294478527607362,1.4379750271444083,1.4058250810249062,0.9173959445037353,0.8441835645677694,1.0085378868729988,21.8457479530792,54.77660488135791
local_ridge_r35_cd3,10,3235,609,2024-01-09,2026-08-18,0.32676518883415434,0.22812982998454404,1.4323650215155683,1.3859953339837725,0.9167741935483871,0.843010752688172,1.0161290322580645,27.11689643520143,67.1808575480041
local_ridge_r35_cd3,20,3185,591,2024-01-09,2026-08-04,0.2521150592216582,0.16577708006279435,1.5208076962518589,1.4629471617739511,0.9032751091703057,0.8329694323144105,1.0010917030567685,38.871992971487586,81.68880403238066
residual_w25_r25,1,3280,781,2024-01-09,2026-08-31,0.6965428937259923,0.5161585365853658,1.3494747143657737,1.324798101710061,1.15949098621421,1.016967126193001,1.209968186638388,8.342824640902602,37.57935222762084
residual_w25_r25,3,3270,776,2024-01-09,2026-08-27,0.5219072164948454,0.354434250764526,1.4725078498172082,1.417321941919164,1.1569755058572952,1.0138445154419595,1.2076677316293931,14.289168500986584,50.210851640061854
residual_w25_r25,5,3260,768,2024-01-09,2026-08-25,0.44140625,0.294478527607362,1.4989420572916665,1.4364894620581585,1.1474919957310568,1.0010672358591248,1.2027748132337246,17.832101030509058,58.25389028090839
residual_w25_r25,10,3235,762,2024-01-09,2026-08-18,0.3674540682414698,0.22812982998454404,1.610723456315928,1.5103657298385043,1.1470967741935483,0.986021505376344,1.2043010752688172,24.938261463371735,77.40880082733611
residual_w25_r25,20,3185,727,2024-01-09,2026-08-04,0.2764786795048143,0.16577708006279435,1.6677738526947605,1.5475825231352676,1.1111353711790393,0.9246724890829694,1.215065502183406,38.732838374663025,100.16160370924733
residual_w25_r35,1,3280,1068,2024-01-09,2026-08-31,0.6741573033707865,0.5161585365853658,1.30610511226,1.2918559549013358,1.585577942735949,1.3213149522799574,1.7592788971367974,7.392911203193093,33.414763632427594
residual_w25_r35,3,3270,1063,2024-01-09,2026-08-27,0.5014111006585137,0.354434250764526,1.4146801545757892,1.3819298206965556,1.5848775292864752,1.3194888178913737,1.7593184238551651,12.699970695179447,44.84106574561832
residual_w25_r35,5,3260,1053,2024-01-09,2026-08-25,0.41500474833808165,0.294478527607362,1.409286957898069,1.376192438049284,1.5733191035218783,1.3073639274279616,1.7481323372465314,15.507379262248763,51.12117151457592
residual_w25_r35,10,3235,1044,2024-01-09,2026-08-18,0.34195402298850575,0.22812982998454404,1.4989448026664176,1.4428949649621923,1.5716129032258066,1.2870967741935484,1.761290322580645,23.084541214353376,66.62073797522733
residual_w25_r35,20,3185,1001,2024-01-09,2026-08-04,0.25674325674325676,0.16577708006279435,1.5487258953168046,1.4819515735447926,1.5299126637554585,1.230349344978166,1.7194323144104804,36.149007690118005,81.7552056624831
residual_w25_r35_cd3,1,3280,550,2024-01-09,2026-08-31,0.6654545454545454,0.5161585365853658,1.2892444826290073,1.2821391091715761,0.8165429480381761,0.6680805938494168,0.9575821845174973,13.1395542415559,35.947077106688376
residual_w25_r35_cd3,3,3270,550,2024-01-09,2026-08-27,0.49818181818181817,0.354434250764526,1.4055690642403325,1.3864085679070857,0.8200212992545263,0.670926517571885,0.9616613418530352,20.807536743967628,49.678264774832016
residual_w25_r35_cd3,5,3260,545,2024-01-09,2026-08-25,0.43302752293577984,0.294478527607362,1.4704892966360856,1.4539441824859274,0.8143009605122732,0.6648879402347919,0.9562433297758804,25.236180210319766,57.62744173227897
residual_w25_r35_cd3,10,3235,540,2024-01-09,2026-08-18,0.34444444444444444,0.22812982998454404,1.509861487503764,1.4789879663645462,0.8129032258064516,0.6548387096774193,0.9634408602150537,33.7575948816168,71.48347200080933
residual_w25_r35_cd3,20,3185,522,2024-01-09,2026-08-04,0.2624521072796935,0.16577708006279435,1.583162806223151,1.5366928182615822,0.797816593886463,0.6342794759825328,0.9475982532751092,45.72078312931045,83.8194104769087
residual_w50_r25,1,3280,743,2024-01-09,2026-08-31,0.6810228802153432,0.5161585365853658,1.3194064070326792,1.298497162622797,1.1030752916224813,0.9427359490986214,1.217391304347826,7.17009417986836,33.94881875818596
residual_w50_r25,3,3270,738,2024-01-09,2026-08-27,0.510840108401084,0.354434250764526,1.4412831358684595,1.3943357718832439,1.1003194888178913,0.939297124600639,1.215122470713525,13.831335649908462,47.32501567201608
residual_w50_r25,5,3260,730,2024-01-09,2026-08-25,0.4315068493150685,0.294478527607362,1.4653253424657533,1.414567083220566,1.0907150480256136,0.9263607257203842,1.2102454642475986,18.22744977747099,55.18552027528668
residual_w50_r25,10,3235,721,2024-01-09,2026-08-18,0.36893203883495146,0.22812982998454404,1.6172020943510408,1.532957450191407,1.0853763440860216,0.910752688172043,1.2043010752688172,26.900271442840562,73.70289473264558
residual_w50_r25,20,3185,691,2024-01-09,2026-08-04,0.2793053545586107,0.16577708006279435,1.6848249133885893,1.5784711043811432,1.056113537117904,0.8635371179039301,1.215065502183406,39.75118086944669,98.5565566188393
residual_w50_r35,1,3280,1043,2024-01-09,2026-08-31,0.6538830297219559,0.5161585365853658,1.2668259524441912,1.2570366878944763,1.5484623541887594,1.1654294803817602,1.7444326617179213,6.552953892189366,29.317658836036042
residual_w50_r35,3,3270,1038,2024-01-09,2026-08-27,0.4797687861271676,0.354434250764526,1.3536185769075393,1.3325397083747073,1.5476038338658147,1.1629392971246006,1.744408945686901,12.687335968939914,39.04922593535979
residual_w50_r35,5,3260,1029,2024-01-09,2026-08-25,0.39261418853255586,0.294478527607362,1.3332523485584709,1.3151313717649031,1.5374599786552827,1.150480256136606,1.7331910352187834,16.391441804628993,43.9723000417283
residual_w50_r35,10,3235,1020,2024-01-09,2026-08-18,0.3196078431372549,0.22812982998454404,1.4009910197141187,1.3703835105913562,1.535483870967742,1.1365591397849462,1.738709677419355,24.624257800287996,55.628765684305066
residual_w50_r35,20,3185,985,2024-01-09,2026-08-04,0.23756345177664975,0.16577708006279435,1.433029533917859,1.391322621991081,1.5054585152838427,1.0775109170305677,1.7117903930131004,36.149267767663495,69.49754700834804
residual_w50_r35_cd3,1,3280,528,2024-01-09,2026-08-31,0.6382575757575758,0.5161585365853658,1.2365533659095385,1.2322194951783494,0.7838812301166489,0.5864262990455991,0.9204665959703074,11.205142608763524,29.284504577795378
residual_w50_r35_cd3,3,3270,528,2024-01-09,2026-08-27,0.4696969696969697,0.354434250764526,1.3252019766256178,1.3139428019875743,0.787220447284345,0.5889243876464324,0.9243876464323749,19.293551383022187,42.12083443021513
residual_w50_r35_cd3,5,3260,523,2024-01-09,2026-08-25,0.4091778202676864,0.294478527607362,1.389499681325685,1.3834506068856025,0.7814300960512274,0.5827107790821772,0.9188900747065101,24.83728953420585,49.21629448795983
residual_w50_r35_cd3,10,3235,517,2024-01-09,2026-08-18,0.3191489361702128,0.22812982998454404,1.3989794153260684,1.3875400571119725,0.7782795698924729,0.5720430107526882,0.9182795698924731,33.71603659011486,58.940785477521366
residual_w50_r35_cd3,20,3185,503,2024-01-09,2026-08-04,0.24254473161033796,0.16577708006279435,1.4630775950358454,1.4361315827505268,0.7687772925764192,0.5502183406113537,0.9093886462882096,45.38747662210348,70.60162194984032
residual_w100_r25,1,3280,723,2024-01-09,2026-08-31,0.636237897648686,0.5161585365853658,1.2326404632532133,1.2190132351815488,1.0733828207847296,0.8462354188759278,1.232237539766702,5.513876233525423,24.0097327804992
residual_w100_r25,3,3270,720,2024-01-09,2026-08-27,0.4708333333333333,0.354434250764526,1.3284081104400345,1.296207904037195,1.0734824281150162,0.8423855165069223,1.2300319488817892,11.875905047452898,33.563139570549275
residual_w100_r25,5,3260,714,2024-01-09,2026-08-25,0.39355742296918766,0.294478527607362,1.336455415499533,1.3024917732240564,1.0668089647812167,0.8292422625400213,1.2251867662753468,16.46878601170129,40.139786637383395
residual_w100_r25,10,3235,705,2024-01-09,2026-08-18,0.33900709219858155,0.22812982998454404,1.4860270233908013,1.432487067661463,1.061290322580645,0.8129032258064516,1.2193548387096773,24.61596328628678,53.71905321613723
residual_w100_r25,20,3185,681,2024-01-09,2026-08-04,0.2657856093979442,0.16577708006279435,1.6032711475993415,1.5285370617397798,1.040829694323144,0.7641921397379913,1.1921397379912664,36.24965460338061,79.82669566208585
residual_w100_r35,1,3280,1015,2024-01-09,2026-08-31,0.6167487684729064,0.5161585365853658,1.1948824338990744,1.1908673361183726,1.5068928950159066,1.1208907741251324,1.6702014846235418,4.920797358706992,21.218644724147435
residual_w100_r35,3,3270,1009,2024-01-09,2026-08-27,0.44301288404360756,0.354434250764526,1.2499155572239833,1.2420963358098978,1.5043663471778488,1.1182108626198084,1.6624068157614484,11.41998559215715,28.50158907543375
residual_w100_r35,5,3260,1000,2024-01-09,2026-08-25,0.361,0.294478527607362,1.2258958333333332,1.2233294749159143,1.4941302027748133,1.1056563500533618,1.6584845250800426,17.229746384396055,32.79530391478115
residual_w100_r35,10,3235,990,2024-01-09,2026-08-18,0.296969696969697,0.22812982998454404,1.3017574115135093,1.2968016367587218,1.4903225806451612,1.0913978494623655,1.6559139784946235,27.99021027689399,41.398066900448875
residual_w100_r35,20,3185,962,2024-01-09,2026-08-04,0.2182952182952183,0.16577708006279435,1.3167997542997545,1.3059634785174628,1.470305676855895,1.039301310043668,1.6735807860262009,39.98149383890087,52.14191328556261
residual_w100_r35_cd3,1,3280,521,2024-01-09,2026-08-31,0.6026871401151631,0.5161585365853658,1.167639586283364,1.1667006108682103,0.7734888653234359,0.5715800636267232,0.8685047720042417,6.717210255479284,20.74494639856923
residual_w100_r35_cd3,3,3270,519,2024-01-09,2026-08-27,0.4277456647398844,0.354434250764526,1.2068406589296135,1.2046936529135779,0.7738019169329075,0.5740149094781682,0.8722044728434505,12.957986243317885,26.749123055796794
residual_w100_r35_cd3,5,3260,514,2024-01-09,2026-08-25,0.3638132295719844,0.294478527607362,1.235449092088197,1.2399861563973964,0.7679829242262539,0.567769477054429,0.8665955176093917,19.49053117507278,32.150578353974176
residual_w100_r35_cd3,10,3235,508,2024-01-09,2026-08-18,0.2874015748031496,0.22812982998454404,1.259815846189958,1.2652073138159414,0.764731182795699,0.556989247311828,0.8655913978494624,28.667062493974008,36.25406818945617
residual_w100_r35_cd3,20,3185,497,2024-01-09,2026-08-04,0.20724346076458752,0.16577708006279435,1.2501333760136577,1.2456927875780524,0.7596069868995633,0.5349344978165939,0.8635371179039301,39.08860734552515,42.408484216911994
stale20_cny_r35,1,3280,1130,2024-01-09,2026-08-31,0.5106194690265486,0.5161585365853658,0.9892686700573418,0.9820587981063374,1.6776246023329797,1.6776246023329797,1.6776246023329797,0.07597094321087322,-0.6209187124031452
stale20_cny_r35,3,3270,1125,2024-01-09,2026-08-27,0.36088888888888887,0.354434250764526,1.0182111015243025,1.0045331233294243,1.6773162939297126,1.6773162939297126,1.6773162939297126,0.16874232913978449,0.606107957062259
stale20_cny_r35,5,3260,1120,2024-01-09,2026-08-25,0.29910714285714285,0.294478527607362,1.015718005952381,1.001298840664545,1.6734258271077909,1.6734258271077909,1.6734258271077909,-0.3415551585819744,0.37394504059087935
stale20_cny_r35,10,3235,1110,2024-01-09,2026-08-18,0.23333333333333334,0.22812982998454404,1.0228093947606143,0.9966598557123001,1.670967741935484,1.6709677419354838,1.6709677419354838,3.6550093823394754,4.091229099637089
stale20_cny_r35,20,3185,1080,2024-01-09,2026-08-04,0.18425925925925926,0.16577708006279435,1.111488145342312,1.0673235030186665,1.650655021834061,1.650655021834061,1.650655021834061,15.93237370172798,6.662574552831646
