candidate,slice_kind,slice,h,n_scope,n_signals,first,last,hit_rate,base_rate,pooled_lift,adjusted_lift,frequency,currency_rate_min,currency_rate_max,symmetric_bps,forward_bps
change_z_r25,year,2024,1,1240,330,2024-01-09,2024-12-28,0.6333333333333333,0.5435483870967742,1.165182987141444,1.1640316205533596,1.3014084507042254,1.2225352112676056,1.380281690140845,-22.41534593066371,29.675371195618734
change_z_r25,year,2024,3,1240,330,2024-01-09,2024-12-28,0.4121212121212121,0.3919354838709677,1.0515026811323107,1.0496047799838177,1.3014084507042254,1.2225352112676056,1.380281690140845,-34.59542645990365,28.603930076917816
change_z_r25,year,2024,5,1240,330,2024-01-09,2024-12-28,0.35454545454545455,0.3379032258064516,1.0492514645259277,1.0468287755249297,1.3014084507042254,1.2225352112676056,1.380281690140845,-35.332177404618236,26.3780783100903
change_z_r25,year,2024,10,1240,330,2024-01-09,2024-12-28,0.23939393939393938,0.2693548387096774,0.8887679187080384,0.8860347322720694,1.3014084507042254,1.2225352112676056,1.380281690140845,-41.553826688286776,21.548774342442055
change_z_r25,year,2024,20,1240,330,2024-01-09,2024-12-28,0.17272727272727273,0.18870967741935485,0.9153069153069152,0.912588766946417,1.3014084507042254,1.2225352112676056,1.380281690140845,-52.23258866981219,23.17779952685047
sign_cd3,year,2024,1,1240,365,2024-01-09,2024-12-28,0.6054794520547945,0.5435483870967742,1.1139384577862688,1.1122656059745109,1.4394366197183097,1.3408450704225352,1.4985915492957746,-11.111467694180492,20.93719175324521
sign_cd3,year,2024,3,1240,365,2024-01-09,2024-12-28,0.4465753424657534,0.3919354838709677,1.1394103388015109,1.136207768845916,1.4394366197183097,1.3408450704225352,1.4985915492957746,-5.902978625566703,24.031959413258395
sign_cd3,year,2024,5,1240,365,2024-01-09,2024-12-28,0.3780821917808219,0.3379032258064516,1.1189067250792821,1.114534145308887,1.4394366197183097,1.3408450704225352,1.4985915492957746,-5.491081439951545,27.28215442087903
sign_cd3,year,2024,10,1240,365,2024-01-09,2024-12-28,0.2876712328767123,0.2693548387096774,1.0680009843327045,1.0629873045679064,1.4394366197183097,1.3408450704225352,1.4985915492957746,-7.684105712030592,31.86916633196136
sign_cd3,year,2024,20,1240,365,2024-01-09,2024-12-28,0.1917808219178082,0.18870967741935485,1.016274440931975,1.0118908836558638,1.4394366197183097,1.3408450704225352,1.4985915492957746,-8.120689829230013,50.22036396295065
stale20_z_r35,year,2024,1,1240,465,2024-01-09,2024-12-28,0.5311827956989247,0.5435483870967742,0.9772502472799207,0.9763157055879634,1.8338028169014085,1.7549295774647886,1.912676056338028,-0.23419280161734907,4.7494000759587935
stale20_z_r35,year,2024,3,1240,465,2024-01-09,2024-12-28,0.38064516129032255,0.3919354838709677,0.9711934156378601,0.9693275919178537,1.8338028169014085,1.7549295774647886,1.912676056338028,-1.5683577166060314,3.5599168981950857
stale20_z_r35,year,2024,5,1240,465,2024-01-09,2024-12-28,0.34838709677419355,0.3379032258064516,1.0310262529832936,1.0282818458703384,1.8338028169014085,1.7549295774647886,1.912676056338028,-1.1276861382708692,2.6011594300535634
stale20_z_r35,year,2024,10,1240,465,2024-01-09,2024-12-28,0.26881720430107525,0.2693548387096774,0.998003992015968,0.99448222764019,1.8338028169014085,1.7549295774647886,1.912676056338028,-0.22947380721616967,8.525582741891311
stale20_z_r35,year,2024,20,1240,465,2024-01-09,2024-12-28,0.1913978494623656,0.18870967741935485,1.0142450142450143,1.01168813310721,1.8338028169014085,1.7549295774647886,1.912676056338028,4.763500912810134,28.83040521690431
change_z_r25,year,2025,1,1235,283,2025-01-09,2025-12-30,0.5053003533568905,0.4631578947368421,1.0909893992932862,1.0906929347826086,1.1129213483146068,1.0617977528089888,1.1797752808988764,-36.22719272176088,0.006364178014827988
change_z_r25,year,2025,3,1235,283,2025-01-09,2025-12-30,0.33568904593639576,0.28421052631578947,1.1811281245910221,1.1819967761434615,1.1129213483146068,1.0617977528089888,1.1797752808988764,-43.70563373252733,-2.363420131160864
change_z_r25,year,2025,5,1235,283,2025-01-09,2025-12-30,0.22968197879858657,0.22186234817813766,1.0352454153877897,1.0368767760268665,1.1129213483146068,1.0617977528089888,1.1797752808988764,-40.593165228778396,-7.908443019761
change_z_r25,year,2025,10,1235,283,2025-01-09,2025-12-30,0.14487632508833923,0.14736842105263157,0.9830893488137306,0.9855961070559611,1.1129213483146068,1.0617977528089888,1.1797752808988764,-37.617417983956365,-30.60520326205933
change_z_r25,year,2025,20,1235,283,2025-01-09,2025-12-30,0.06713780918727916,0.09635627530364373,0.6967663390444517,0.6991954707985697,1.1129213483146068,1.0617977528089888,1.1797752808988764,-38.313691965813106,-76.49324741536724
sign_cd3,year,2025,1,1235,356,2025-01-09,2025-12-30,0.449438202247191,0.4631578947368421,0.9703779366700714,0.9682477459819679,1.4000000000000001,1.3370786516853934,1.5140449438202248,-24.608874362901137,-6.632612741886556
sign_cd3,year,2025,3,1235,356,2025-01-09,2025-12-30,0.25280898876404495,0.28421052631578947,0.8895131086142323,0.8863282963199234,1.4000000000000001,1.3370786516853934,1.5140449438202248,-22.702951064515076,-13.833715080415102
sign_cd3,year,2025,5,1235,356,2025-01-09,2025-12-30,0.19662921348314608,0.22186234817813766,0.886266710407611,0.8810191082802546,1.4000000000000001,1.3370786516853934,1.5140449438202248,-21.402053937060877,-21.249650572214435
sign_cd3,year,2025,10,1235,356,2025-01-09,2025-12-30,0.11797752808988764,0.14736842105263157,0.800561797752809,0.7941514200413381,1.4000000000000001,1.3370786516853934,1.5140449438202248,-21.265016680297265,-44.832122415040985
sign_cd3,year,2025,20,1235,356,2025-01-09,2025-12-30,0.07584269662921349,0.09635627530364373,0.7871069776225097,0.7803650830798035,1.4000000000000001,1.3370786516853934,1.5140449438202248,-21.062834484639538,-85.95404982474237
stale20_z_r35,year,2025,1,1235,377,2025-01-09,2025-12-30,0.4217506631299735,0.4631578947368421,0.9105980226669883,0.9104038202976493,1.4825842696629212,1.4353932584269664,1.5926966292134832,-1.6027936565485954,-16.40367654938787
stale20_z_r35,year,2025,3,1235,377,2025-01-09,2025-12-30,0.29442970822281167,0.28421052631578947,1.035956380783967,1.03597203854147,1.4825842696629212,1.4353932584269664,1.5926966292134832,-4.614115760832617,-18.322270048681993
stale20_z_r35,year,2025,5,1235,377,2025-01-09,2025-12-30,0.22546419098143236,0.22186234817813766,1.0162345834382078,1.0173967823221555,1.4825842696629212,1.4353932584269664,1.5926966292134832,-7.82063973937817,-26.08365819645968
stale20_z_r35,year,2025,10,1235,377,2025-01-09,2025-12-30,0.15119363395225463,0.14736842105263157,1.0259568018188707,1.028264680105171,1.4825842696629212,1.4353932584269664,1.5926966292134832,-7.963161275327645,-45.501810852479515
stale20_z_r35,year,2025,20,1235,377,2025-01-09,2025-12-30,0.10875331564986737,0.09635627530364373,1.1286583598956823,1.1298672319535872,1.4825842696629212,1.4353932584269664,1.5926966292134832,5.726101912952854,-66.01679651425619
change_z_r25,year,2026,1,805,265,2026-01-12,2026-08-31,0.6377358490566037,0.55527950310559,1.1484952091511544,1.151411281790868,1.5991379310344827,1.5086206896551724,1.689655172413793,-24.529759430477796,26.45804639619983
change_z_r25,year,2026,3,795,261,2026-01-12,2026-08-27,0.4559386973180077,0.4050314465408805,1.1256871564217892,1.1275251772838326,1.6026315789473684,1.5043859649122808,1.6885964912280702,-33.398274007890194,46.31359740859289
change_z_r25,year,2026,5,785,256,2026-01-12,2026-08-25,0.37109375,0.3401273885350318,1.0910434222846443,1.0944379219254476,1.5858407079646017,1.4867256637168142,1.672566371681416,-34.98239752785223,59.556947302598275
change_z_r25,year,2026,10,760,251,2026-01-12,2026-08-18,0.3147410358565737,0.29210526315789476,1.077491834463946,1.0808280828082808,1.6045662100456621,1.5022831050228311,1.6940639269406392,-38.859986077023585,90.36308045607073
change_z_r25,year,2026,20,710,216,2026-01-12,2026-08-04,0.26851851851851855,0.24647887323943662,1.0894179894179894,1.092887473460722,1.4751219512195122,1.3658536585365855,1.5707317073170732,-12.160947234915941,121.99058741503443
sign_cd3,year,2026,1,805,246,2026-01-12,2026-08-31,0.5772357723577236,0.55527950310559,1.039540932322075,1.0371076029758666,1.4844827586206897,1.4181034482758619,1.5991379310344827,-19.05119495823659,12.013458266280077
sign_cd3,year,2026,3,795,241,2026-01-12,2026-08-27,0.3900414937759336,0.4050314465408805,0.9629906445710161,0.9619617686812125,1.4798245614035088,1.4122807017543861,1.5964912280701755,-18.822049003044086,23.972873226699562
sign_cd3,year,2026,5,785,236,2026-01-12,2026-08-25,0.3601694915254237,0.3401273885350318,1.0589252840728751,1.0571971797512476,1.4619469026548675,1.3938053097345133,1.5796460176991152,-13.235563215773512,37.52560580200404
sign_cd3,year,2026,10,760,230,2026-01-12,2026-08-18,0.2826086956521739,0.29210526315789476,0.9674892283587935,0.965598123534011,1.4703196347031964,1.406392694063927,1.5662100456621004,-9.519833182751029,65.6346983919579
sign_cd3,year,2026,20,710,210,2026-01-12,2026-08-04,0.2619047619047619,0.24647887323943662,1.0625850340136054,1.0604209097080788,1.4341463414634148,1.3658536585365855,1.5365853658536586,21.773361392083096,113.63127874672098
stale20_z_r35,year,2026,1,805,317,2026-01-12,2026-08-31,0.583596214511041,0.55527950310559,1.0509954198688771,1.0488045353709636,1.9129310344827584,1.7499999999999998,2.0517241379310343,-1.632353163849407,8.874071736174086
stale20_z_r35,year,2026,3,795,312,2026-01-12,2026-08-27,0.4230769230769231,0.4050314465408805,1.0445532728141422,1.0433485782461722,1.9157894736842107,1.75,2.0570175438596494,-2.453561007077721,17.413744693326034
stale20_z_r35,year,2026,5,785,303,2026-01-12,2026-08-25,0.35313531353135313,0.3401273885350318,1.0382442738655888,1.0351860981020458,1.8769911504424779,1.7035398230088497,2.0442477876106193,-0.1531058303384268,23.440321368306805
stale20_z_r35,year,2026,10,760,299,2026-01-12,2026-08-18,0.3110367892976589,0.29210526315789476,1.0648106300280213,1.0603855674743081,1.9114155251141554,1.726027397260274,2.077625570776256,0.614833795463015,37.05965296856403
stale20_z_r35,year,2026,20,710,274,2026-01-12,2026-08-04,0.24087591240875914,0.24647887323943662,0.9772679874869656,0.9726027397260273,1.8712195121951218,1.6731707317073172,2.0829268292682928,19.151221904453575,61.09687554835139
change_z_r25,currency,TJS,1,656,175,2024-01-09,2026-08-31,0.6057142857142858,0.5259146341463414,1.1517349896480333,1.1485749387345336,1.2990455991516436,1.2990455991516436,1.2990455991516436,-26.879735398432594,20.075460842016707
change_z_r25,currency,TJS,3,654,174,2024-01-09,2026-08-27,0.41954022988505746,0.37767584097859325,1.1108474103029458,1.10104551709233,1.2971246006389776,1.2971246006389776,1.2971246006389776,-36.988918263256686,27.39402566256325
change_z_r25,currency,TJS,5,652,173,2024-01-09,2026-08-25,0.3352601156069364,0.3205521472392638,1.0458832314627873,1.0401990473055565,1.2924226254002134,1.2924226254002134,1.2924226254002134,-35.861951214275145,31.499311110448573
change_z_r25,currency,TJS,10,647,172,2024-01-09,2026-08-18,0.25,0.2550231839258114,0.9803030303030303,0.9667915098785679,1.2946236559139785,1.2946236559139785,1.2946236559139785,-37.06156574921724,36.929740125979066
change_z_r25,currency,TJS,20,637,165,2024-01-09,2026-08-04,0.16363636363636364,0.17739403453689168,0.9224456958970233,0.9063078194244,1.2609170305676856,1.2609170305676856,1.2609170305676856,-35.20888681537948,33.170307799094
sign_cd3,currency,TJS,1,656,199,2024-01-09,2026-08-31,0.5326633165829145,0.5259146341463414,1.0128322773286724,1.0135962411983463,1.4772004241781547,1.4772004241781547,1.4772004241781547,-19.64854593192841,4.178661316394256
sign_cd3,currency,TJS,3,654,198,2024-01-09,2026-08-27,0.3787878787878788,0.37767584097859325,1.0029444239970557,1.0049008046095271,1.476038338658147,1.476038338658147,1.476038338658147,-16.628766867914724,11.230042782983848
sign_cd3,currency,TJS,5,652,197,2024-01-09,2026-08-25,0.3248730964467005,0.3205521472392638,1.0134797075753528,1.0152066973063767,1.471718249733191,1.471718249733191,1.471718249733191,-15.830922889415593,15.67089104475617
sign_cd3,currency,TJS,10,647,196,2024-01-09,2026-08-18,0.25510204081632654,0.2550231839258114,1.000309214594929,1.0036290950200295,1.475268817204301,1.475268817204301,1.475268817204301,-17.048286261367522,18.201643195296537
sign_cd3,currency,TJS,20,637,192,2024-01-09,2026-08-04,0.16145833333333334,0.17739403453689168,0.910167772861357,0.9144763234019685,1.467248908296943,1.467248908296943,1.467248908296943,-11.940763368564191,26.02106243924006
stale20_z_r35,currency,TJS,1,656,230,2024-01-09,2026-08-31,0.5260869565217391,0.5259146341463414,1.0003276622558286,0.9961595311715803,1.7073170731707317,1.7073170731707317,1.7073170731707317,-2.2297299705307596,1.1609789403855884
stale20_z_r35,currency,TJS,3,654,229,2024-01-09,2026-08-27,0.37554585152838427,0.37767584097859325,0.9943602708484345,0.9852062453411924,1.7071352502662407,1.7071352502662407,1.7071352502662407,-3.9029733535087865,4.270185071884034
stale20_z_r35,currency,TJS,5,652,227,2024-01-09,2026-08-25,0.33480176211453744,0.3205521472392638,1.0444533440128154,1.0340982627894433,1.6958377801494129,1.6958377801494129,1.6958377801494129,-3.014803789841197,5.30304556874168
stale20_z_r35,currency,TJS,10,647,226,2024-01-09,2026-08-18,0.26991150442477874,0.2550231839258114,1.0583802628050416,1.0408838923308472,1.7010752688172042,1.7010752688172042,1.7010752688172042,-0.5464112423137869,11.663680533582419
stale20_z_r35,currency,TJS,20,637,221,2024-01-09,2026-08-04,0.18099547511312217,0.17739403453689168,1.0203019260801667,1.0095836578395971,1.6888646288209606,1.6888646288209606,1.6888646288209606,13.270202922654558,32.56846842384999
change_z_r25,currency,UZS,1,656,176,2024-01-09,2026-08-31,0.6079545454545454,0.5213414634146342,1.166135034556087,1.1532725765566083,1.3064687168610816,1.3064687168610816,1.3064687168610816,-26.261772426984233,23.521096681005414
change_z_r25,currency,UZS,3,654,175,2024-01-09,2026-08-27,0.4057142857142857,0.3562691131498471,1.1387860208461067,1.117751844980212,1.3045793397231098,1.3045793397231098,1.3045793397231098,-37.21893660565227,26.201159796024072
change_z_r25,currency,UZS,5,652,174,2024-01-09,2026-08-25,0.3218390804597701,0.294478527607362,1.092911877394636,1.0644751367067582,1.2998932764140876,1.2998932764140876,1.2998932764140876,-37.031980432377665,26.031841623610823
change_z_r25,currency,UZS,10,647,173,2024-01-09,2026-08-18,0.2138728323699422,0.22256568778979907,0.9609425176621709,0.924573982945856,1.3021505376344085,1.3021505376344085,1.3021505376344085,-39.722709156275066,27.245537460136
change_z_r25,currency,UZS,20,637,166,2024-01-09,2026-08-04,0.1566265060240964,0.16483516483516483,0.9502008032128515,0.9201650875725338,1.2685589519650655,1.2685589519650655,1.2685589519650655,-33.38916405503451,16.734848734647876
sign_cd3,currency,UZS,1,656,188,2024-01-09,2026-08-31,0.5797872340425532,0.5213414634146342,1.11210650740326,1.1084499395945246,1.3955461293743372,1.3955461293743372,1.3955461293743372,-14.952467369095592,18.48269786563828
sign_cd3,currency,UZS,3,654,187,2024-01-09,2026-08-27,0.3850267379679144,0.3562691131498471,1.080718826742558,1.074906549510473,1.3940362087326943,1.3940362087326943,1.3940362087326943,-11.622613831097876,20.347810211285136
sign_cd3,currency,UZS,5,652,186,2024-01-09,2026-08-25,0.3333333333333333,0.294478527607362,1.1319444444444442,1.123875138900665,1.3895410885805763,1.3895410885805763,1.3895410885805763,-9.331234678269663,19.40775135723177
sign_cd3,currency,UZS,10,647,185,2024-01-09,2026-08-18,0.23243243243243245,0.22256568778979907,1.044331831831832,1.03274383992127,1.3924731182795698,1.3924731182795698,1.3924731182795698,-7.321275303484406,18.407622434378013
sign_cd3,currency,UZS,20,637,181,2024-01-09,2026-08-04,0.17679558011049723,0.16483516483516483,1.07255985267035,1.062894947540015,1.3831877729257642,1.3831877729257642,1.3831877729257642,0.8043494023553842,17.827218212552165
stale20_z_r35,currency,UZS,1,656,236,2024-01-09,2026-08-31,0.5169491525423728,0.5213414634146342,0.9915749826543759,0.9835556771741784,1.7518557794273595,1.7518557794273595,1.7518557794273595,-1.1088287742280516,-2.6514688719808017
stale20_z_r35,currency,UZS,3,654,235,2024-01-09,2026-08-27,0.39148936170212767,0.3562691131498471,1.0988585517304357,1.083981754767737,1.7518636847710332,1.7518636847710332,1.7518636847710332,-5.292464806518709,-5.690559656596504
stale20_z_r35,currency,UZS,5,652,233,2024-01-09,2026-08-25,0.33047210300429186,0.294478527607362,1.122228183118741,1.1018249184749398,1.7406616862326574,1.7406616862326574,1.7406616862326574,-5.305854742553981,-8.406355820965256
stale20_z_r35,currency,UZS,10,647,233,2024-01-09,2026-08-18,0.2446351931330472,0.22256568778979907,1.099159513590844,1.0671437792795877,1.753763440860215,1.753763440860215,1.753763440860215,-5.248632309425486,-8.909926900256323
stale20_z_r35,currency,UZS,20,637,227,2024-01-09,2026-08-04,0.1894273127753304,0.16483516483516483,1.1491923641703377,1.1140598713474266,1.73471615720524,1.73471615720524,1.73471615720524,6.400864085338759,-3.04031960605292
change_z_r25,currency,KGS,1,656,175,2024-01-09,2026-08-31,0.5942857142857143,0.4954268292682927,1.1995428571428572,1.1925165186140994,1.2990455991516436,1.2990455991516436,1.2990455991516436,-25.770542471875565,19.30778210589538
change_z_r25,currency,KGS,3,654,174,2024-01-09,2026-08-27,0.39655172413793105,0.3486238532110092,1.1374773139745917,1.115702581089668,1.2971246006389776,1.2971246006389776,1.2971246006389776,-34.559119349853034,27.06230772212331
change_z_r25,currency,KGS,5,652,173,2024-01-09,2026-08-25,0.3236994219653179,0.2929447852760736,1.1049844142481011,1.0843643735612956,1.2924226254002134,1.2924226254002134,1.2924226254002134,-33.47246460859326,29.652232651775094
change_z_r25,currency,KGS,10,647,172,2024-01-09,2026-08-18,0.23255813953488372,0.22565687789799072,1.0305829882128066,0.9966548218725187,1.2946236559139785,1.2946236559139785,1.2946236559139785,-35.41821760302612,28.097743327468137
change_z_r25,currency,KGS,20,637,165,2024-01-09,2026-08-04,0.17575757575757575,0.1664050235478807,1.05620354488279,1.0110047008641827,1.2609170305676856,1.2609170305676856,1.2609170305676856,-34.52836473116879,16.226555984331323
sign_cd3,currency,KGS,1,656,190,2024-01-09,2026-08-31,0.5105263157894737,0.4954268292682927,1.0304777327935224,1.0255541914446449,1.410392364793213,1.410392364793213,1.410392364793213,-16.51975215757817,11.417113088173119
sign_cd3,currency,KGS,3,654,189,2024-01-09,2026-08-27,0.3544973544973545,0.3486238532110092,1.0168476747424116,1.0085874952765363,1.4089456869009584,1.4089456869009584,1.4089456869009584,-13.36500100254363,12.67490765919808
sign_cd3,currency,KGS,5,652,188,2024-01-09,2026-08-25,0.2925531914893617,0.2929447852760736,0.9986632505291301,0.9883528196371201,1.4044823906083244,1.4044823906083244,1.4044823906083244,-10.612838194544578,14.68788645089962
sign_cd3,currency,KGS,10,647,187,2024-01-09,2026-08-18,0.21390374331550802,0.22565687789799072,0.9479159035968061,0.9358787250531584,1.40752688172043,1.40752688172043,1.40752688172043,-10.140329031129856,14.395135411012983
sign_cd3,currency,KGS,20,637,183,2024-01-09,2026-08-04,0.16939890710382513,0.1664050235478807,1.0179915455201567,1.00660556912667,1.398471615720524,1.398471615720524,1.398471615720524,-4.121864047969516,12.807920658230525
stale20_z_r35,currency,KGS,1,656,231,2024-01-09,2026-08-31,0.5064935064935064,0.4954268292682927,1.0223376623376623,1.0103960420835278,1.7147401908801696,1.7147401908801696,1.7147401908801696,-0.4047925185370476,1.3792746952271624
stale20_z_r35,currency,KGS,3,654,230,2024-01-09,2026-08-27,0.3739130434782609,0.3486238532110092,1.0725400457665903,1.0474020109409292,1.7145899893503729,1.7145899893503729,1.7145899893503729,-2.5798416319214073,2.1582648503058266
stale20_z_r35,currency,KGS,5,652,228,2024-01-09,2026-08-25,0.3201754385964912,0.2929447852760736,1.0929549003398549,1.0629466916201151,1.7033084311632871,1.7033084311632871,1.7033084311632871,-4.7089308468189,-2.41062941296037
stale20_z_r35,currency,KGS,10,647,227,2024-01-09,2026-08-18,0.24669603524229075,0.22565687789799072,1.093235169875083,1.0523968675392217,1.7086021505376343,1.7086021505376343,1.7086021505376343,-6.587017730031733,-9.540139939522087
stale20_z_r35,currency,KGS,20,637,222,2024-01-09,2026-08-04,0.19369369369369369,0.1664050235478807,1.1639894611592725,1.113814546004295,1.6965065502183405,1.6965065502183405,1.6965065502183405,4.160573880751229,-6.124598384324606
change_z_r25,currency,AMD,1,656,179,2024-01-09,2026-08-31,0.6145251396648045,0.524390243902439,1.1718851500584644,1.1549295535336792,1.3287380699893954,1.3287380699893954,1.3287380699893954,-25.535173028700633,20.432478549694576
change_z_r25,currency,AMD,3,654,178,2024-01-09,2026-08-27,0.43820224719101125,0.35932721712538224,1.2195075304805165,1.1899756942286426,1.326943556975506,1.326943556975506,1.326943556975506,-32.954805648657825,29.879352467259217
change_z_r25,currency,AMD,5,652,177,2024-01-09,2026-08-25,0.3559322033898305,0.29754601226993865,1.196225755722523,1.1623934109797214,1.3223052294557096,1.3223052294557096,1.3223052294557096,-31.727866707344816,33.10408943098999
change_z_r25,currency,AMD,10,647,176,2024-01-09,2026-08-18,0.26704545454545453,0.23338485316846985,1.1442278747742323,1.0954803850690613,1.324731182795699,1.324731182795699,1.324731182795699,-32.44652158240648,35.01776157889115
change_z_r25,currency,AMD,20,637,169,2024-01-09,2026-08-04,0.1952662721893491,0.1726844583987441,1.1307692307692307,1.069312744717291,1.2914847161572052,1.2914847161572052,1.2914847161572052,-29.207424176095618,32.004840494505096
sign_cd3,currency,AMD,1,656,195,2024-01-09,2026-08-31,0.5487179487179488,0.524390243902439,1.0463923673225999,1.041830998417478,1.447507953340403,1.447507953340403,1.447507953340403,-17.889271422753694,6.693323320814634
sign_cd3,currency,AMD,3,654,194,2024-01-09,2026-08-27,0.3711340206185567,0.35932721712538224,1.0328580829129197,1.0252096312448293,1.4462193823216187,1.4462193823216187,1.4462193823216187,-15.210376253765265,11.48018232654656
sign_cd3,currency,AMD,5,652,193,2024-01-09,2026-08-25,0.31088082901554404,0.29754601226993865,1.0448159820522407,1.0353601129556733,1.4418356456776946,1.4418356456776946,1.4418356456776946,-13.205192341336653,13.418055369114224
sign_cd3,currency,AMD,10,647,192,2024-01-09,2026-08-18,0.21875,0.23338485316846985,0.9372930463576159,0.9247587865046247,1.4451612903225806,1.4451612903225806,1.4451612903225806,-13.231334582034904,14.459629469157647
sign_cd3,currency,AMD,20,637,188,2024-01-09,2026-08-04,0.16489361702127658,0.1726844583987441,0.9548839458413926,0.9397847753485357,1.4366812227074235,1.4366812227074235,1.4366812227074235,-7.8692753371768305,19.0474200713816
stale20_z_r35,currency,AMD,1,656,230,2024-01-09,2026-08-31,0.5,0.524390243902439,0.9534883720930232,0.9427639504793209,1.7073170731707317,1.7073170731707317,1.7073170731707317,-0.5172376754733514,0.1506720934667254
stale20_z_r35,currency,AMD,3,654,229,2024-01-09,2026-08-27,0.3537117903930131,0.35932721712538224,0.9843723868809812,0.9650757625540982,1.7071352502662407,1.7071352502662407,1.7071352502662407,-2.0190690933116873,2.6976173876116447
stale20_z_r35,currency,AMD,5,652,227,2024-01-09,2026-08-25,0.29955947136563876,0.29754601226993865,1.0067668831463736,0.9825085609991508,1.6958377801494129,1.6958377801494129,1.6958377801494129,-3.4275972062254993,0.337747206929288
stale20_z_r35,currency,AMD,10,647,226,2024-01-09,2026-08-18,0.23893805309734514,0.23338485316846985,1.0237941745296841,0.9885001550963958,1.7010752688172042,1.7010752688172042,1.7010752688172042,-5.479189568449543,-0.7450843482533543
stale20_z_r35,currency,AMD,20,637,221,2024-01-09,2026-08-04,0.17647058823529413,0.1726844583987441,1.0219251336898396,0.9782324731444207,1.6888646288209606,1.6888646288209606,1.6888646288209606,2.515300117615841,7.161069515194024
change_z_r25,currency,KZT,1,656,173,2024-01-09,2026-08-31,0.5433526011560693,0.5137195121951219,1.0576834016569183,1.0454674837861349,1.2841993637327678,1.2841993637327678,1.2841993637327678,-33.19699075065551,12.236194565251068
change_z_r25,currency,KZT,3,654,173,2024-01-09,2026-08-27,0.34104046242774566,0.3302752293577982,1.0325947334617853,1.0124765476886877,1.2896698615548456,1.2896698615548456,1.2896698615548456,-44.35553027746502,8.550105430608573
change_z_r25,currency,KZT,5,652,172,2024-01-09,2026-08-25,0.2558139534883721,0.2668711656441718,0.9585672280139,0.9352028701589602,1.2849519743863393,1.2849519743863393,1.2849519743863393,-46.79492517795638,4.3318234566534075
change_z_r25,currency,KZT,10,647,171,2024-01-09,2026-08-18,0.1871345029239766,0.20401854714064915,0.9172426014531277,0.881073473880753,1.2870967741935484,1.2870967741935484,1.2870967741935484,-53.00122446083172,-5.4407892875113895
change_z_r25,currency,KZT,20,637,164,2024-01-09,2026-08-04,0.11585365853658537,0.14756671899529042,0.7850934094447328,0.7566132099571401,1.2532751091703056,1.2532751091703056,1.2532751091703056,-53.176776012369636,-24.30630335871296
sign_cd3,currency,KZT,1,656,195,2024-01-09,2026-08-31,0.5333333333333333,0.5137195121951219,1.0381800197823938,1.0331880685017392,1.447507953340403,1.447507953340403,1.447507953340403,-21.306428708073533,2.3355141144286535
sign_cd3,currency,KZT,3,654,194,2024-01-09,2026-08-27,0.31443298969072164,0.3302752293577982,0.952033218785796,0.9465686285724844,1.4462193823216187,1.4462193823216187,1.4462193823216187,-19.743447309583566,-5.293695023883811
sign_cd3,currency,KZT,5,652,193,2024-01-09,2026-08-25,0.2694300518134715,0.2668711656441718,1.009588470013698,1.0025710472971519,1.4418356456776946,1.4418356456776946,1.4418356456776946,-17.35156313094897,-4.139175637745011
sign_cd3,currency,KZT,10,647,191,2024-01-09,2026-08-18,0.193717277486911,0.20401854714064915,0.9495081707123593,0.939874258904242,1.4376344086021504,1.4376344086021504,1.4376344086021504,-17.968839519188982,-8.759584476513778
sign_cd3,currency,KZT,20,637,187,2024-01-09,2026-08-04,0.1443850267379679,0.14756671899529042,0.9784389577881443,0.9693289628854888,1.4290393013100435,1.4290393013100435,1.4290393013100435,-8.070859693890428,-13.658691406426996
stale20_z_r35,currency,KZT,1,656,232,2024-01-09,2026-08-31,0.5,0.5137195121951219,0.9732937685459941,0.9606876397489439,1.7221633085896075,1.7221633085896075,1.7221633085896075,-1.050067211768647,-4.987844060462243
stale20_z_r35,currency,KZT,3,654,231,2024-01-09,2026-08-27,0.3246753246753247,0.3302752293577982,0.9830447330447329,0.960805778704894,1.7220447284345048,1.7220447284345048,1.7220447284345048,-0.17782895700537119,-2.4839492028975982
stale20_z_r35,currency,KZT,5,652,230,2024-01-09,2026-08-25,0.2608695652173913,0.2668711656441718,0.977511244377811,0.9495425058728836,1.7182497331910351,1.7182497331910351,1.7182497331910351,1.1007787459254692,-1.2771225136124782
stale20_z_r35,currency,KZT,10,647,229,2024-01-09,2026-08-18,0.2052401746724891,0.20401854714064915,1.0059878258568216,0.9597131626247379,1.7236559139784946,1.7236559139784946,1.7236559139784946,5.043617116747841,-1.4625697932654984
stale20_z_r35,currency,KZT,20,637,225,2024-01-09,2026-08-04,0.13777777777777778,0.14756671899529042,0.9336643026004728,0.8750480134438032,1.7194323144104804,1.7194323144104804,1.7194323144104804,16.693170785163503,-6.542508677335322
