rate_target,n,frequency,rolling_window,cooldown_days,hit_rate,base_rate,lift,auc,forward_benefit_bps,year_lift_min,year_lift_median,year_lift_positive,years,corridor_freq_min,corridor_freq_max,corridor_lift_min,cluster_share_7d,macro_year_lift,year_frequency_min,year_frequency_max,quarter_frequency_min,quarter_frequency_max,quarters,candidate,period,policy_type,rate,rolling,cooldown,history,strong,late,late_weekday,weekly_cap,predeclared_order
0.22,315,1.2457627118644068,20,0,0.473015873015873,0.21700404858299596,2.179755981994788,0.7897598357745913,13.900870093706178,2.179755981994788,2.179755981994788,1,1,1.225988700564972,1.2853107344632768,1.9581738655002732,0.7677419354838709,2.179755981994788,1.2457627118644068,1.2457627118644068,1.12,1.4000000000000001,4,always_expanding,2017,rolling,0.22,20,0,0,0.0,0.0,0,0,1
0.22,311,1.2299435028248589,20,0,0.4533762057877814,0.28825910931174087,1.5728079049098596,0.7394047756004652,62.860345925518956,1.5728079049098596,1.5728079049098596,1,1,1.1468926553672316,1.305084745762712,1.4305019305019304,0.8169934640522876,1.5728079049098596,1.2299435028248589,1.2299435028248589,1.0818181818181818,1.6674157303370787,4,always_expanding,2018,rolling,0.22,20,0,0,0.0,0.0,0,0,1
0.22,269,1.0608450704225352,20,0,0.4200743494423792,0.2105691056910569,1.9949476826800248,0.6788110016740295,25.778917616490485,1.9949476826800248,1.9949476826800248,1,1,1.0450704225352112,1.084507042253521,1.6565656565656566,0.696969696969697,1.9949476826800248,1.0608450704225352,1.0608450704225352,0.8590909090909091,1.240506329113924,4,always_expanding,2019,rolling,0.22,20,0,0,0.0,0.0,0,0,1
0.22,284,1.0893150684931505,20,0,0.4507042253521127,0.2674897119341564,1.6849404117009752,0.717761452031115,71.8494122883309,1.6849404117009752,1.6849404117009752,1,1,1.0164383561643835,1.1506849315068493,1.5093167701863355,0.6344086021505376,1.6849404117009752,1.0893150684931505,1.0893150684931505,0.9833333333333334,1.2461538461538462,4,always_expanding,2020,rolling,0.22,20,0,0,0.0,0.0,0,0,1
0.22,309,1.1884615384615385,20,0,0.4401294498381877,0.2314516129032258,1.9016045916353754,0.7527156129003951,48.13306562944289,1.9016045916353754,1.9016045916353754,1,1,1.1538461538461537,1.2307692307692308,1.7617486338797812,0.6875,1.9016045916353754,1.1884615384615385,1.1884615384615385,0.9123595505617977,1.5076923076923079,4,always_expanding,2021,rolling,0.22,20,0,0,0.0,0.0,0,0,1
0.22,354,1.4,20,0,0.4293785310734463,0.2777327935222672,1.5460130783548285,0.6469998954097975,77.40413272366052,1.5460130783548285,1.5460130783548285,1,1,1.364406779661017,1.4435028248587571,1.47704475308642,0.8424068767908309,1.5460130783548285,1.4,1.4,1.2227848101265824,1.6333333333333333,4,always_expanding,2022,rolling,0.22,20,0,0,0.0,0.0,0,0,1
0.22,314,1.2418079096045198,20,0,0.5859872611464968,0.3781376518218624,1.5496665257300288,0.7641584136331192,96.71800017324824,1.5496665257300288,1.5496665257300288,1,1,1.225988700564972,1.265536723163842,1.3812499999999999,0.8025889967637541,1.5496665257300288,1.2418079096045198,1.2418079096045198,1.0675,1.4477272727272728,4,always_expanding,2023,rolling,0.22,20,0,0,0.0,0.0,0,0,1
0.22,287,1.1350282485875707,20,0,0.5470383275261324,0.3379032258064516,1.6189201101012032,0.7150326018389588,70.42353232477559,1.6189201101012032,1.6189201101012032,1,1,1.1073446327683616,1.1666666666666667,1.4429547179357451,0.723404255319149,1.6189201101012032,1.1350282485875707,1.1350282485875707,0.9123595505617977,1.590909090909091,4,always_expanding,2024,rolling,0.22,20,0,0,0.0,0.0,0,0,1
0.22,289,1.1397183098591548,20,0,0.3944636678200692,0.22186234817813766,1.7779658020357132,0.7390283084074527,45.9559795355398,1.7779658020357132,1.7779658020357132,1,1,1.123943661971831,1.1633802816901408,1.709954643112915,0.75,1.7779658020357132,1.1397183098591548,1.1397183098591548,0.9386363636363637,1.3692307692307693,4,always_expanding,2025,rolling,0.22,20,0,0,0.0,0.0,0,0,1
0.22,207,1.2879999999999998,20,0,0.5748792270531401,0.3401273885350318,1.690187989650618,0.7492263531589374,102.7023854181858,1.690187989650618,1.690187989650618,1,1,1.2444444444444442,1.3377777777777777,1.410783055198973,0.8316831683168316,1.690187989650618,1.2879999999999998,1.2879999999999998,1.0733333333333333,1.475,3,always_expanding,2026,rolling,0.22,20,0,0,0.0,0.0,0,0,1
0.22,2939,1.170583214793741,20,0,0.4739707383463763,0.27471602860748845,1.7253115544400253,0.7224962603440128,60.79073206998824,1.5460130783548285,1.6875642006757965,10,10,1.1610241820768137,1.1809388335704125,1.670331433630277,0.7464212678936605,1.7516810078793412,1.0608450704225352,1.4,0.8590909090909091,1.6674157303370787,39,always_expanding,2017_2026,rolling,0.22,20,0,0,0.0,0.0,0,0,1
0.22,315,1.2457627118644068,20,0,0.473015873015873,0.21700404858299596,2.179755981994788,0.7897598357745913,13.900870093706178,2.179755981994788,2.179755981994788,1,1,1.225988700564972,1.2853107344632768,1.9581738655002732,0.7677419354838709,2.179755981994788,1.2457627118644068,1.2457627118644068,1.12,1.4000000000000001,4,early_reset_700,2017,rolling,0.22,20,0,0,0.0,0.0,0,0,2
0.22,311,1.2299435028248589,20,0,0.4533762057877814,0.28825910931174087,1.5728079049098596,0.7394047756004652,62.860345925518956,1.5728079049098596,1.5728079049098596,1,1,1.1468926553672316,1.305084745762712,1.4305019305019304,0.8169934640522876,1.5728079049098596,1.2299435028248589,1.2299435028248589,1.0818181818181818,1.6674157303370787,4,early_reset_700,2018,rolling,0.22,20,0,0,0.0,0.0,0,0,2
0.22,269,1.0608450704225352,20,0,0.4200743494423792,0.2105691056910569,1.9949476826800248,0.6788110016740295,25.778917616490485,1.9949476826800248,1.9949476826800248,1,1,1.0450704225352112,1.084507042253521,1.6565656565656566,0.696969696969697,1.9949476826800248,1.0608450704225352,1.0608450704225352,0.8590909090909091,1.240506329113924,4,early_reset_700,2019,rolling,0.22,20,0,0,0.0,0.0,0,0,2
0.22,284,1.0893150684931505,20,0,0.4507042253521127,0.2674897119341564,1.6849404117009752,0.717761452031115,71.8494122883309,1.6849404117009752,1.6849404117009752,1,1,1.0164383561643835,1.1506849315068493,1.5093167701863355,0.6344086021505376,1.6849404117009752,1.0893150684931505,1.0893150684931505,0.9833333333333334,1.2461538461538462,4,early_reset_700,2020,rolling,0.22,20,0,0,0.0,0.0,0,0,2
0.22,309,1.1884615384615385,20,0,0.4401294498381877,0.2314516129032258,1.9016045916353754,0.7527156129003951,48.13306562944289,1.9016045916353754,1.9016045916353754,1,1,1.1538461538461537,1.2307692307692308,1.7617486338797812,0.6875,1.9016045916353754,1.1884615384615385,1.1884615384615385,0.9123595505617977,1.5076923076923079,4,early_reset_700,2021,rolling,0.22,20,0,0,0.0,0.0,0,0,2
0.22,364,1.4395480225988702,20,0,0.3543956043956044,0.2777327935222672,1.2760308204914619,0.5794803828001411,66.70844413818428,1.2760308204914619,1.2760308204914619,1,1,1.4039548022598871,1.4830508474576272,1.1278538812785388,0.8551532033426184,1.2760308204914619,1.4395480225988702,1.4395480225988702,1.2227848101265824,1.6333333333333333,4,early_reset_700,2022,rolling,0.22,20,0,0,0.0,0.0,0,0,2
0.22,379,1.498870056497175,20,0,0.554089709762533,0.3781376518218624,1.4653121874876407,0.7295876829050678,88.20199157492496,1.4653121874876407,1.4653121874876407,1,1,1.4435028248587571,1.5621468926553672,1.3493670886075948,0.820855614973262,1.4653121874876407,1.498870056497175,1.498870056497175,0.8307692307692308,1.9775,4,early_reset_700,2023,rolling,0.22,20,0,0,0.0,0.0,0,0,2
0.22,315,1.2457627118644068,20,0,0.5492063492063493,0.3379032258064516,1.6253362124483846,0.6762228959967906,69.07768827646522,1.6253362124483846,1.6253362124483846,1,1,1.1271186440677967,1.305084745762712,1.539247900693684,0.8258064516129032,1.6253362124483846,1.2457627118644068,1.2457627118644068,0.9068181818181819,1.940909090909091,4,early_reset_700,2024,rolling,0.22,20,0,0,0.0,0.0,0,0,2
0.22,331,1.3053521126760563,20,0,0.4078549848942598,0.22186234817813766,1.8383244757095287,0.7406176656007657,41.709708520480184,1.8383244757095287,1.8383244757095287,1,1,1.2225352112676056,1.3408450704225352,1.6958208955223881,0.8496932515337423,1.8383244757095287,1.3053521126760563,1.3053521126760563,1.1384615384615384,1.6,4,early_reset_700,2025,rolling,0.22,20,0,0,0.0,0.0,0,0,2
0.22,213,1.3253333333333333,20,0,0.6291079812206573,0.3401273885350318,1.8496245889820824,0.7497867048428846,117.24327829018004,1.8496245889820824,1.8496245889820824,1,1,1.2755555555555553,1.4,1.410783055198973,0.8605769230769231,1.8496245889820824,1.3253333333333333,1.3253333333333333,1.011111111111111,1.5636363636363635,3,early_reset_700,2026,rolling,0.22,20,0,0,0.0,0.0,0,0,2
0.22,3090,1.2307254623044097,20,0,0.4686084142394822,0.27471602860748845,1.7057920377446387,0.6985198956804753,59.673091568589996,1.2760308204914619,1.761632443705252,10,10,1.2048364153627311,1.2506401137980085,1.6666249000266593,0.7743922204213939,1.7388684858040122,1.0608450704225352,1.498870056497175,0.8307692307692308,1.9775,39,early_reset_700,2017_2026,rolling,0.22,20,0,0,0.0,0.0,0,0,2
0.22,315,1.2457627118644068,20,0,0.473015873015873,0.21700404858299596,2.179755981994788,0.7897598357745913,13.900870093706178,2.179755981994788,2.179755981994788,1,1,1.225988700564972,1.2853107344632768,1.9581738655002732,0.7677419354838709,2.179755981994788,1.2457627118644068,1.2457627118644068,1.12,1.4000000000000001,4,resolved2000_handoff,2017,rolling,0.22,20,0,0,0.0,0.0,0,0,3
0.22,311,1.2299435028248589,20,0,0.4533762057877814,0.28825910931174087,1.5728079049098596,0.7394047756004652,62.860345925518956,1.5728079049098596,1.5728079049098596,1,1,1.1468926553672316,1.305084745762712,1.4305019305019304,0.8169934640522876,1.5728079049098596,1.2299435028248589,1.2299435028248589,1.0818181818181818,1.6674157303370787,4,resolved2000_handoff,2018,rolling,0.22,20,0,0,0.0,0.0,0,0,3
0.22,269,1.0608450704225352,20,0,0.4200743494423792,0.2105691056910569,1.9949476826800248,0.6788110016740295,25.778917616490485,1.9949476826800248,1.9949476826800248,1,1,1.0450704225352112,1.084507042253521,1.6565656565656566,0.696969696969697,1.9949476826800248,1.0608450704225352,1.0608450704225352,0.8590909090909091,1.240506329113924,4,resolved2000_handoff,2019,rolling,0.22,20,0,0,0.0,0.0,0,0,3
0.22,284,1.0893150684931505,20,0,0.4507042253521127,0.2674897119341564,1.6849404117009752,0.717761452031115,71.8494122883309,1.6849404117009752,1.6849404117009752,1,1,1.0164383561643835,1.1506849315068493,1.5093167701863355,0.6344086021505376,1.6849404117009752,1.0893150684931505,1.0893150684931505,0.9833333333333334,1.2461538461538462,4,resolved2000_handoff,2020,rolling,0.22,20,0,0,0.0,0.0,0,0,3
0.22,309,1.1884615384615385,20,0,0.4401294498381877,0.2314516129032258,1.9016045916353754,0.7527156129003951,48.13306562944289,1.9016045916353754,1.9016045916353754,1,1,1.1538461538461537,1.2307692307692308,1.7617486338797812,0.6875,1.9016045916353754,1.1884615384615385,1.1884615384615385,0.9123595505617977,1.5076923076923079,4,resolved2000_handoff,2021,rolling,0.22,20,0,0,0.0,0.0,0,0,3
0.22,354,1.4,20,0,0.4293785310734463,0.2777327935222672,1.5460130783548285,0.6469998954097975,77.40413272366052,1.5460130783548285,1.5460130783548285,1,1,1.364406779661017,1.4435028248587571,1.47704475308642,0.8424068767908309,1.5460130783548285,1.4,1.4,1.2227848101265824,1.6333333333333333,4,resolved2000_handoff,2022,rolling,0.22,20,0,0,0.0,0.0,0,0,3
0.22,314,1.2418079096045198,20,0,0.5859872611464968,0.3781376518218624,1.5496665257300288,0.7641584136331192,96.71800017324824,1.5496665257300288,1.5496665257300288,1,1,1.225988700564972,1.265536723163842,1.3812499999999999,0.8025889967637541,1.5496665257300288,1.2418079096045198,1.2418079096045198,1.0675,1.4477272727272728,4,resolved2000_handoff,2023,rolling,0.22,20,0,0,0.0,0.0,0,0,3
0.22,315,1.2457627118644068,20,0,0.5492063492063493,0.3379032258064516,1.6253362124483846,0.6762228959967906,69.07768827646522,1.6253362124483846,1.6253362124483846,1,1,1.1271186440677967,1.305084745762712,1.539247900693684,0.8258064516129032,1.6253362124483846,1.2457627118644068,1.2457627118644068,0.9068181818181819,1.940909090909091,4,resolved2000_handoff,2024,rolling,0.22,20,0,0,0.0,0.0,0,0,3
0.22,331,1.3053521126760563,20,0,0.4078549848942598,0.22186234817813766,1.8383244757095287,0.7406176656007657,41.709708520480184,1.8383244757095287,1.8383244757095287,1,1,1.2225352112676056,1.3408450704225352,1.6958208955223881,0.8496932515337423,1.8383244757095287,1.3053521126760563,1.3053521126760563,1.1384615384615384,1.6,4,resolved2000_handoff,2025,rolling,0.22,20,0,0,0.0,0.0,0,0,3
0.22,213,1.3253333333333333,20,0,0.6291079812206573,0.3401273885350318,1.8496245889820824,0.7497867048428846,117.24327829018004,1.8496245889820824,1.8496245889820824,1,1,1.2755555555555553,1.4,1.410783055198973,0.8605769230769231,1.8496245889820824,1.3253333333333333,1.3253333333333333,1.011111111111111,1.5636363636363635,3,resolved2000_handoff,2026,rolling,0.22,20,0,0,0.0,0.0,0,0,3
0.22,3015,1.2008534850640114,20,0,0.4792703150912106,0.27471602860748845,1.7446026630502411,0.7134841335545741,61.177426040571554,1.5460130783548285,1.761632443705252,10,10,1.1749644381223328,1.2167852062588904,1.6765062875888461,0.7697674418604651,1.7743021454145875,1.0608450704225352,1.4,0.8590909090909091,1.940909090909091,39,resolved2000_handoff,2017_2026,rolling,0.22,20,0,0,0.0,0.0,0,0,3
